ISO3 Code,Year,Gender,Gender Population,Gender % Population,Median Daily Gender Income €,% of Gender Population under Poverty Line
ALB,2016,Male,1458709,0.50718286877972,,17.89
ALB,2017,Male,1451957,0.50529984971795,,17.45
ALB,2018,Male,1436630,0.50120090972308,,17.23
AGO,2000,Male,,,,0.00
AGO,2008,Male,,,,0.00
AGO,2018,Male,,,,0.00
ARG,2000,Male,,,,23.15
ARG,2001,Male,,,,23.92
ARG,2002,Male,,,,23.91
ARG,2003,Male,,,,22.77
ARG,2004,Male,,,,22.94
ARG,2005,Male,,,,22.47
ARG,2006,Male,,,,22.19
ARG,2007,Male,,,,22.37
ARG,2008,Male,,,,19.30
ARG,2009,Male,,,,19.55
ARG,2010,Male,,,,18.98
ARG,2011,Male,,,,18.60
ARG,2012,Male,,,,18.22
ARG,2013,Male,,,,18.30
ARG,2014,Male,,,,18.33
ARG,2016,Male,,,,18.55
ARG,2017,Male,,,,18.05
ARG,2018,Male,,,,18.32
ARG,2019,Male,,,,18.87
ARG,2020,Male,,,,18.89
AUS,2001,Male,,,,9.24
AUS,2003,Male,,,,9.23
AUS,2004,Male,,,,8.91
AUS,2008,Male,,,,9.22
AUS,2010,Male,,,,9.27
AUS,2014,Male,,,,9.09
AUS,2016,Male,,,,9.30
AUS,2018,Male,,,,9.63
AUT,2000,Male,3872865,0.48340928341331,44.188174850245,15.95
AUT,2003,Male,3939859,0.48511932869423,44.581092855528,16.21
AUT,2004,Male,3966868,0.48542395628507,46.607022610899,16.42
AUT,2005,Male,3997727,0.48587874277909,45.0462592565,16.19
AUT,2006,Male,4021319,0.48633378634985,45.373186515809,9.95
AUT,2007,Male,4036145,0.48654711876783,47.75323926451,16.69
AUT,2008,Male,4049061,0.48657852098745,49.354056039567,16.54
AUT,2009,Male,4060984,0.48673467783995,49.995186571014,16.89
AUT,2010,Male,4071927,0.48687437908924,51.101611362206,16.65
AUT,2011,Male,4086896,0.48701983626828,49.63339515922,16.92
AUT,2012,Male,4108803,0.48740307138777,49.520195918252,16.47
AUT,2013,Male,4137265,0.48789520886527,50.983969428653,16.52
AUT,2014,Male,4174177,0.48841602268792,50.691264326335,16.89
AUT,2015,Male,4228663,0.48927585397941,51.317709979063,17.09
AUT,2016,Male,4290328,0.49107146038416,52.776993842174,16.84
AUT,2017,Male,4324583,0.4915658681628,52.88723176557,16.98
AUT,2018,Male,4347494,0.49176906570613,52.854865005855,16.96
AUT,2019,Male,4367432,0.49183244861733,53.323519775192,16.71
BGD,2000,Male,,,,0.00
BGD,2005,Male,,,,0.00
BGD,2010,Male,,,,0.00
BGD,2016,Male,,,,0.00
BGD,2022,Male,,,,0.00
BEL,2000,Male,5011961,0.48891224167003,41.514304512253,9.67
BEL,2003,Male,5076811,0.48927784157428,41.125040247802,15.89
BEL,2004,Male,5099270,0.48931993038758,42.168020361859,16.06
BEL,2005,Male,5127357,0.4893162376798,43.021654330169,15.63
BEL,2006,Male,5161719,0.4893572510256,42.889614250908,15.78
BEL,2007,Male,5201559,0.48952632208466,43.333963034425,15.87
BEL,2008,Male,5245421,0.48976981617656,44.100376645189,15.75
BEL,2009,Male,5289921,0.48996668861387,44.546908652898,15.73
BEL,2010,Male,5339508,0.49006158264302,45.100779284797,15.95
BEL,2011,Male,5420193,0.4910367925933,44.251346685271,16.01
BEL,2012,Male,5455535,0.4911829650875,45.512386701608,15.79
BEL,2013,Male,5483387,0.49136907663818,45.846190289634,16.06
BEL,2014,Male,5507656,0.49135771552048,45.559612846352,16.14
BEL,2015,Male,5542218,0.49158434687986,47.442327522681,16.39
BEL,2016,Male,5579261,0.49237082420772,47.170784767187,16.20
BEL,2017,Male,5600808,0.49237195362433,46.868527650045,15.79
BEL,2018,Male,5628238,0.49253622531701,47.685754628675,15.77
BEL,2019,Male,5661314,0.49276038911899,48.691788957588,15.67
BEN,2003,Male,,,,0.00
BEN,2011,Male,,,,0.00
BEN,2015,Male,,,,0.00
BEN,2018,Male,,,,0.00
BTN,2003,Male,,,,0.00
BTN,2007,Male,,,,0.00
BTN,2012,Male,,,,0.00
BTN,2017,Male,,,,0.00
BTN,2022,Male,,,,0.00
BOL,2000,Male,,,,26.92
BOL,2001,Male,,,,24.41
BOL,2002,Male,,,,24.82
BOL,2004,Male,,,,19.33
BOL,2005,Male,,,,23.78
BOL,2006,Male,,,,23.59
BOL,2007,Male,,,,23.67
BOL,2008,Male,,,,19.97
BOL,2009,Male,,,,22.01
BOL,2011,Male,,,,19.58
BOL,2012,Male,,,,21.88
BOL,2013,Male,,,,21.76
BOL,2014,Male,,,,19.03
BOL,2015,Male,,,,18.93
BOL,2016,Male,,,,19.54
BOL,2017,Male,,,,19.33
BOL,2018,Male,,,,18.23
BOL,2019,Male,,,,16.84
BOL,2020,Male,,,,16.99
BRA,2001,Male,,,,23.72
BRA,2002,Male,,,,23.41
BRA,2003,Male,,,,23.43
BRA,2004,Male,,,,23.04
BRA,2005,Male,,,,23.04
BRA,2006,Male,,,,22.64
BRA,2007,Male,,,,22.95
BRA,2008,Male,,,,22.30
BRA,2009,Male,,,,22.39
BRA,2011,Male,,,,22.11
BRA,2012,Male,,,,22.33
BRA,2013,Male,,,,19.74
BRA,2014,Male,,,,19.44
BRA,2015,Male,,,,19.67
BRA,2016,Male,,,,22.14
BRA,2017,Male,,,,22.29
BRA,2018,Male,,,,22.37
BRA,2019,Male,,,,22.58
BRA,2020,Male,,,,17.31
BGR,2006,Male,3700811,0.48688338789659,8.81560136395,18.49
BGR,2007,Male,3673271,0.48682664628461,11.950378155239,17.28
BGR,2008,Male,3647980,0.48688029080067,13.625811479763,17.51
BGR,2009,Male,3624813,0.4869153685645,14.425891777005,17.77
BGR,2010,Male,3601216,0.48694043978212,13.605279394173,18.15
BGR,2011,Male,3578648,0.48700177802058,12.812840992752,17.47
BGR,2012,Male,3556381,0.48678285255098,13.13922994594,17.79
BGR,2013,Male,3535613,0.48665628304939,14.560533195018,18.33
BGR,2014,Male,3514369,0.48648939222656,15.085488653594,18.15
BGR,2015,Male,3490244,0.48624253318223,14.539145846315,18.49
BGR,2016,Male,3464557,0.48606122298353,16.605872364709,18.33
BGR,2017,Male,3437390,0.48578520074814,16.383688823107,17.83
BGR,2018,Male,3410274,0.4854457439496,18.441230051139,17.60
BGR,2019,Male,3383923,0.4850974401714,19.604923402256,17.77
BFA,2003,Male,,,,0.00
BFA,2009,Male,,,,0.00
BFA,2014,Male,,,,0.00
BFA,2018,Male,,,,0.00
BDI,2006,Male,,,,0.00
BDI,2013,Male,,,,0.00
CAN,2000,Male,,,,15.00
CAN,2004,Male,,,,15.21
CAN,2007,Male,,,,9.91
CAN,2010,Male,,,,15.06
CAN,2012,Male,,,,15.46
CAN,2013,Male,,,,15.44
CAN,2014,Male,,,,15.04
CAN,2015,Male,,,,15.36
CAN,2016,Male,,,,9.86
CAN,2017,Male,,,,15.26
CAF,2008,Male,,,,0.00
CAF,2021,Male,,,,0.00
TCD,2003,Male,,,,0.00
TCD,2011,Male,,,,0.00
TCD,2018,Male,,,,0.00
CHL,2000,Male,,,,17.80
CHL,2003,Male,,,,17.88
CHL,2006,Male,,,,16.42
CHL,2009,Male,,,,15.94
CHL,2011,Male,,,,15.87
CHL,2013,Male,,,,15.66
CHL,2015,Male,,,,15.47
CHL,2017,Male,,,,15.51
CHL,2020,Male,,,,15.67
COL,2000,Male,,,,19.87
COL,2001,Male,,,,22.05
COL,2002,Male,,,,19.30
COL,2003,Male,,,,18.57
COL,2004,Male,,,,18.36
COL,2005,Male,,,,18.60
COL,2008,Male,,,,22.56
COL,2009,Male,,,,19.53
COL,2010,Male,,,,19.35
COL,2011,Male,,,,19.17
COL,2012,Male,,,,19.24
COL,2013,Male,,,,19.29
COL,2014,Male,,,,19.26
COL,2015,Male,,,,18.85
COL,2016,Male,,,,18.51
COL,2017,Male,,,,18.33
COL,2018,Male,,,,18.46
COL,2019,Male,,,,18.94
COL,2020,Male,,,,21.99
COM,2004,Male,,,,0.00
COM,2014,Male,,,,0.00
CRI,2000,Male,,,,18.72
CRI,2001,Male,,,,18.84
CRI,2002,Male,,,,18.65
CRI,2003,Male,,,,19.23
CRI,2004,Male,,,,18.29
CRI,2005,Male,,,,17.96
CRI,2006,Male,,,,17.88
CRI,2007,Male,,,,17.37
CRI,2008,Male,,,,17.53
CRI,2009,Male,,,,18.32
CRI,2010,Male,,,,17.31
CRI,2011,Male,,,,18.35
CRI,2012,Male,,,,18.12
CRI,2013,Male,,,,17.94
CRI,2014,Male,,,,18.06
CRI,2015,Male,,,,17.55
CRI,2016,Male,,,,17.97
CRI,2017,Male,,,,17.49
CRI,2018,Male,,,,17.71
CRI,2019,Male,,,,17.77
CRI,2020,Male,,,,18.35
HRV,2009,Male,2074543,0.48187129970885,,0.00
HRV,2010,Male,2071073,0.48215774346613,18.1363030175,17.96
HRV,2011,Male,2064298,0.48224264818151,17.562558293366,18.26
HRV,2012,Male,2058245,0.48230044827109,16.445532957808,17.97
HRV,2013,Male,2053370,0.48250010558076,16.63028648097,18.14
HRV,2014,Male,2045684,0.48265603656769,17.541305271878,17.84
HRV,2015,Male,2028748,0.48262118146903,18.580611495022,18.10
HRV,2016,Male,2014919,0.48269071119671,20.164055590592,17.63
HRV,2017,Male,1990882,0.48269311178796,21.406189703555,17.37
HRV,2018,Male,1973279,0.4827188841876,22.663075848254,16.96
HRV,2019,Male,1967252,0.48391878213435,24.056331761286,16.70
CYP,2004,Male,495582,0.49047646055502,,0.00
CYP,2005,Male,503717,0.4901611994538,37.195899305993,9.67
CYP,2006,Male,512320,0.49002100769745,40.842801994709,9.72
CYP,2007,Male,521406,0.49017833110793,40.776847645987,9.82
CYP,2008,Male,530044,0.49007062690881,40.593458299502,9.83
CYP,2009,Male,537278,0.48928513169287,39.567675777701,9.84
CYP,2010,Male,542773,0.48783480235369,39.902366989655,9.78
CYP,2011,Male,547526,0.48676095652164,39.034967179807,9.69
CYP,2012,Male,551705,0.48606456298121,36.391547631031,16.14
CYP,2013,Male,556208,0.48625325969709,33.437896150462,16.09
CYP,2014,Male,560754,0.48664102564103,32.400298736867,16.83
CYP,2015,Male,564485,0.48621146435453,33.491060339689,16.68
CYP,2016,Male,569275,0.48648208987421,35.143640644432,16.51
CYP,2017,Male,575023,0.48743802658393,36.872441365321,16.31
CYP,2018,Male,580030,0.48772326077599,37.996748429229,9.95
CYP,2019,Male,585440,0.48844786898946,39.647198702174,16.44
CZE,2002,Male,4963435,0.48675849524104,,0.00
CZE,2004,Male,4967996,0.48719695366916,,0.00
CZE,2005,Male,4976680,0.48737392579853,22.807352227166,9.89
CZE,2006,Male,4997132,0.48805344743821,23.924636533571,9.63
CZE,2007,Male,5032385,0.48863674152908,25.120545141963,9.15
CZE,2008,Male,5085283,0.48969451309248,25.720596080893,8.94
CZE,2009,Male,5125586,0.49077158041751,26.287891291969,9.17
CZE,2010,Male,5142215,0.49093125578756,26.244542102753,9.55
CZE,2011,Male,5151823,0.49083274854671,26.573606414971,9.68
CZE,2012,Male,5160831,0.4910034748647,26.167289028872,9.35
CZE,2013,Male,5163439,0.49108859014133,26.207250318617,9.52
CZE,2014,Male,5168728,0.49107441398597,26.568264507726,9.13
CZE,2015,Male,5180750,0.49124994365776,27.839383778469,9.08
CZE,2016,Male,5192467,0.49141625472352,28.867758247473,8.84
CZE,2017,Male,5208365,0.49161314778019,29.661152097847,8.76
CZE,2018,Male,5229567,0.49196644126727,31.028060777094,8.63
CZE,2019,Male,5255061,0.49242182951793,32.454825750661,8.66
COD,2004,Male,,,,0.00
COD,2012,Male,,,,0.00
DNK,2000,Male,2638864,0.494204899794,,0.00
DNK,2003,Male,2665917,0.49455178566685,42.924872633473,9.13
DNK,2004,Male,2673539,0.49468564039099,43.78222712069,9.07
DNK,2005,Male,2681263,0.49474988473419,43.967101669407,8.89
DNK,2006,Male,2690702,0.49486251301023,44.771833525674,8.91
DNK,2007,Male,2703768,0.49506524959042,45.691042713704,8.96
DNK,2008,Male,2721498,0.49539253780869,45.939492439418,8.97
DNK,2009,Male,2737791,0.49569886405594,46.48375040115,9.50
DNK,2010,Male,2749702,0.4956487551895,47.879937420253,9.47
DNK,2011,Male,2761511,0.49573213672988,46.555617527173,9.27
DNK,2012,Male,2772257,0.49579214538584,46.223764945564,9.27
DNK,2013,Male,2784954,0.49599081002701,46.981361585954,9.65
DNK,2014,Male,2800337,0.49620799557865,47.237749349936,9.40
DNK,2015,Male,2822818,0.49667059207045,47.653952861578,9.16
DNK,2016,Male,2848209,0.49724236764775,49.363450916908,9.50
DNK,2017,Male,2868243,0.49752877529085,48.829656594891,9.74
DNK,2018,Male,2882665,0.4975572503239,50.41002534773,9.58
DNK,2019,Male,2893223,0.4975943325627,49.906616316376,9.27
DJI,2002,Male,,,,0.00
DJI,2012,Male,,,,0.00
DJI,2013,Male,,,,0.00
DJI,2017,Male,,,,0.00
DOM,2000,Male,,,,18.70
DOM,2001,Male,,,,18.40
DOM,2002,Male,,,,19.06
DOM,2003,Male,,,,18.29
DOM,2004,Male,,,,18.40
DOM,2005,Male,,,,18.27
DOM,2006,Male,,,,18.57
DOM,2007,Male,,,,17.88
DOM,2008,Male,,,,17.79
DOM,2009,Male,,,,17.82
DOM,2010,Male,,,,17.91
DOM,2011,Male,,,,17.05
DOM,2012,Male,,,,17.08
DOM,2013,Male,,,,17.21
DOM,2014,Male,,,,17.14
DOM,2015,Male,,,,17.17
DOM,2016,Male,,,,17.52
DOM,2017,Male,,,,15.70
DOM,2018,Male,,,,15.64
DOM,2019,Male,,,,15.75
DOM,2020,Male,,,,15.28
ECU,2000,Male,,,,19.87
ECU,2003,Male,,,,19.67
ECU,2004,Male,,,,19.61
ECU,2005,Male,,,,21.88
ECU,2006,Male,,,,18.82
ECU,2007,Male,,,,18.74
ECU,2008,Male,,,,19.07
ECU,2009,Male,,,,18.17
ECU,2010,Male,,,,18.28
ECU,2011,Male,,,,18.01
ECU,2012,Male,,,,18.77
ECU,2013,Male,,,,17.99
ECU,2014,Male,,,,17.35
ECU,2015,Male,,,,17.71
ECU,2016,Male,,,,17.34
ECU,2017,Male,,,,17.69
ECU,2018,Male,,,,17.81
ECU,2019,Male,,,,18.33
ECU,2020,Male,,,,18.29
SLV,2000,Male,,,,22.18
SLV,2001,Male,,,,22.55
SLV,2002,Male,,,,22.39
SLV,2003,Male,,,,22.20
SLV,2004,Male,,,,18.67
SLV,2005,Male,,,,18.86
SLV,2006,Male,,,,17.42
SLV,2007,Male,,,,16.59
SLV,2008,Male,,,,17.41
SLV,2009,Male,,,,17.38
SLV,2010,Male,,,,17.33
SLV,2011,Male,,,,16.37
SLV,2012,Male,,,,16.27
SLV,2013,Male,,,,16.43
SLV,2014,Male,,,,16.18
SLV,2015,Male,,,,15.84
SLV,2016,Male,,,,16.38
SLV,2017,Male,,,,15.83
SLV,2018,Male,,,,16.16
SLV,2019,Male,,,,15.78
EST,2003,Male,637909,0.46538296526298,,0.00
EST,2004,Male,633729,0.46510521500457,13.196059773166,16.29
EST,2005,Male,629815,0.46488574897892,15.196804299028,15.86
EST,2006,Male,626121,0.46489227807803,17.834873976413,15.62
EST,2007,Male,623218,0.46485270902213,20.854224482164,15.53
EST,2008,Male,621422,0.46475747885598,21.206491582701,15.66
EST,2009,Male,620750,0.46515040352164,19.999158174281,15.80
EST,2010,Male,619954,0.46561513249181,19.077887564027,16.56
EST,2011,Male,618664,0.4660589925244,18.959883592229,15.99
EST,2012,Male,616962,0.46644285426462,20.435222879239,15.75
EST,2013,Male,615150,0.46673165809961,21.31474530466,16.05
EST,2014,Male,614323,0.46732795316073,23.066843715695,16.05
EST,2015,Male,614955,0.46750173020907,25.047949946339,16.03
EST,2016,Male,616635,0.46864304256108,27.710082093541,15.88
EST,2017,Male,618358,0.46938398567992,29.838377704173,15.92
EST,2018,Male,622423,0.4708274298346,31.295831170056,16.12
EST,2019,Male,626616,0.47224151205447,32.475999745954,15.63
ETH,2004,Male,,,,0.00
ETH,2010,Male,,,,0.00
ETH,2015,Male,,,,0.00
FIN,2000,Male,2525420,0.48788989697372,34.840331881165,9.38
FIN,2003,Male,2548200,0.48881517470677,,0.00
FIN,2004,Male,2557020,0.48908507180062,38.19845660331,9.28
FIN,2005,Male,2566717,0.48926242564132,39.650813919598,9.26
FIN,2006,Male,2577581,0.48945121185483,40.435705552625,9.51
FIN,2007,Male,2589502,0.48962744613134,41.853923517495,9.38
FIN,2008,Male,2603114,0.48991507190664,42.880587100409,9.31
FIN,2009,Male,2617810,0.49033027343112,43.805972785902,9.39
FIN,2010,Male,2630916,0.49053588883862,44.049192029243,9.60
FIN,2011,Male,2644794,0.49084288881166,44.243178437692,9.50
FIN,2012,Male,2658772,0.49109477461492,44.48441048308,9.37
FIN,2013,Male,2672665,0.49139159639956,44.518501926145,9.60
FIN,2014,Male,2685399,0.49169532971216,44.602521331055,9.50
FIN,2015,Male,2695689,0.49195623413557,44.382728531353,9.54
FIN,2016,Male,2705426,0.49231608650362,45.293994085924,9.41
FIN,2017,Male,2714750,0.49285491951461,45.811442788348,9.51
FIN,2018,Male,2720312,0.49321002769751,46.834014522182,9.48
FIN,2019,Male,2725109,0.49353569706261,47.724862251079,9.64
FRA,2000,Male,29561997,0.48531905727939,34.738795094243,17.15
FRA,2003,Male,30161114,0.48455575713005,,0.00
FRA,2004,Male,30371562,0.48435708068361,37.619470726499,16.42
FRA,2005,Male,30582625,0.48406042291837,37.418424801309,16.08
FRA,2006,Male,30780628,0.48380953013567,37.144292916315,16.48
FRA,2007,Male,30982869,0.48398462630213,42.849648480495,16.26
FRA,2008,Male,31158242,0.48401169537305,43.586989155599,16.72
FRA,2009,Male,31320688,0.48403837773623,44.789548860523,16.78
FRA,2010,Male,31480229,0.48410636897133,43.816691108237,16.75
FRA,2011,Male,31639184,0.48420315936967,44.070551226619,16.53
FRA,2012,Male,31790739,0.48417346432815,43.982430833078,16.51
FRA,2013,Male,31965593,0.48433682137367,43.913189026481,16.54
FRA,2014,Male,32115881,0.48431428054115,44.928541265237,16.78
FRA,2015,Male,32217887,0.48412807981588,45.28378279969,16.83
FRA,2016,Male,32288863,0.48391603572781,45.807967501767,16.65
FRA,2017,Male,32366687,0.48367671002117,45.555337537206,16.66
FRA,2018,Male,32450841,0.48360519309577,45.823279382022,16.45
GMB,2003,Male,,,,0.00
GMB,2010,Male,,,,0.00
GMB,2015,Male,,,,0.00
GMB,2020,Male,,,,0.00
DEU,2000,Male,40114213,0.48793914814338,44.801568027293,16.26
DEU,2001,Male,40200659,0.48816874006346,44.093373428427,15.98
DEU,2002,Male,40298216,0.48853135666922,,0.00
DEU,2003,Male,40343655,0.48881150780477,,0.00
DEU,2004,Male,40348478,0.4889760925839,,0.00
DEU,2005,Male,40338255,0.48912983913656,44.039786323212,16.46
DEU,2006,Male,40309845,0.48933699806746,44.484581678218,16.32
DEU,2007,Male,40277403,0.48959742479691,45.189574119542,16.10
DEU,2008,Male,40221515,0.48984859574936,45.236009205344,16.20
DEU,2009,Male,40135255,0.49003815207456,45.613452379179,16.31
DEU,2010,Male,40091189,0.49025060518807,46.185982437224,16.47
DEU,2011,Male,39150408,0.48770372590135,45.800920354615,16.31
DEU,2012,Male,39277769,0.48837262022286,45.986406278512,16.41
DEU,2013,Male,39440572,0.48906040710029,46.561703917732,16.50
DEU,2014,Male,39662240,0.4897630992817,46.622806077807,16.54
DEU,2015,Male,40075396,0.49059932692293,48.134261752775,16.79
DEU,2016,Male,40599407,0.49301838485458,49.34725553786,16.96
DEU,2017,Male,40763867,0.49316896257519,49.899887290664,16.51
DEU,2018,Male,40899523,0.49332534354532,51.028193235221,16.49
GRC,2000,Male,,,,0.00
GRC,2003,Male,,,,0.00
GRC,2004,Male,,,,0.00
GRC,2005,Male,,,,0.00
GRC,2006,Male,,,,0.00
GRC,2007,Male,,,,0.00
GRC,2008,Male,,,,0.00
GRC,2009,Male,,,,0.00
GRC,2010,Male,,,,0.00
GRC,2011,Male,,,,0.00
GRC,2012,Male,,,,0.00
GRC,2013,Male,,,,0.00
GRC,2014,Male,,,,0.00
GRC,2015,Male,,,,0.00
GRC,2016,Male,,,,0.00
GRC,2017,Male,,,,0.00
GRC,2018,Male,,,,0.00
GRC,2019,Male,,,,0.00
GTM,2000,Male,,,,19.04
GTM,2006,Male,,,,22.71
GTM,2014,Male,,,,17.94
GIN,2002,Male,,,,0.00
GIN,2007,Male,,,,0.00
GIN,2012,Male,,,,0.00
GIN,2018,Male,,,,0.00
GNB,2002,Male,,,,0.00
GNB,2010,Male,,,,0.00
GNB,2018,Male,,,,0.00
HTI,2001,Male,,,,69.87
HTI,2012,Male,,,,64.32
HND,2001,Male,,,,25.18
HND,2002,Male,,,,23.95
HND,2003,Male,,,,24.69
HND,2004,Male,,,,25.04
HND,2005,Male,,,,25.28
HND,2006,Male,,,,25.21
HND,2007,Male,,,,23.18
HND,2008,Male,,,,23.82
HND,2009,Male,,,,23.18
HND,2010,Male,,,,23.06
HND,2011,Male,,,,23.15
HND,2012,Male,,,,23.99
HND,2013,Male,,,,22.54
HND,2014,Male,,,,22.93
HND,2015,Male,,,,22.85
HND,2016,Male,,,,23.95
HND,2017,Male,,,,22.62
HND,2018,Male,,,,23.04
HND,2019,Male,,,,23.46
HUN,2004,Male,4799556,0.47486760065642,,0.00
HUN,2005,Male,4788138,0.47468103398161,16.02891745392,17.72
HUN,2006,Male,4782104,0.47482166818289,16.735700054055,16.46
HUN,2007,Male,4774150,0.4747668375561,16.281567214024,16.46
HUN,2008,Male,4766137,0.47480055798668,16.897154604671,16.51
HUN,2009,Male,4759097,0.47483420106221,16.281819662993,16.65
HUN,2010,Male,4750106,0.47500959625433,16.480887280387,17.11
HUN,2011,Male,4737252,0.47506840266533,16.891913421986,16.65
HUN,2012,Male,4719165,0.47570496152559,15.856829934363,17.47
HUN,2013,Male,4708473,0.47593593087678,16.022994212628,17.50
HUN,2014,Male,4698202,0.47617871770457,17.003647803994,17.74
HUN,2015,Male,4689802,0.47645935481567,17.851937543204,17.44
HUN,2016,Male,4680667,0.4769366923402,18.827845316176,17.62
HUN,2017,Male,4670712,0.47718927190145,20.101849847422,17.08
HUN,2018,Male,4670260,0.47774849205456,21.251381435425,16.75
HUN,2019,Male,4675048,0.47845469589131,23.043649891326,10.00
ISL,2003,Male,144812,0.50017852747763,,7.94
ISL,2004,Male,146153,0.50039921533538,,7.56
ISL,2005,Male,148752,0.50129948872017,,8.00
ISL,2006,Male,153163,0.50418985564755,,8.07
ISL,2007,Male,158557,0.50890558776879,,8.01
ISL,2008,Male,161893,0.51003775451009,,8.24
ISL,2009,Male,161627,0.50746474286716,,8.14
ISL,2010,Male,160142,0.5035292636086,,8.08
ISL,2011,Male,160288,0.50244934872445,,8.19
ISL,2012,Male,160936,0.50180395838223,,8.25
ISL,2013,Male,162394,0.50158300114647,,7.84
ISL,2014,Male,164178,0.50148155654019,,7.97
ISL,2015,Male,166046,0.50193254329991,,8.01
ISL,2016,Male,168733,0.50302379642076,,8.07
ISL,2017,Male,173586,0.5054928490996,,8.07
IRL,2000,Male,1890581,0.49684492523623,29.693103103181,16.97
IRL,2002,Male,1953928,0.49693668900854,,0.00
IRL,2003,Male,1985287,0.49675381433437,33.671172862299,16.99
IRL,2004,Male,2023751,0.49720428975904,34.987339335344,16.66
IRL,2005,Male,2073394,0.49842253954109,35.539409684598,16.59
IRL,2006,Male,2136156,0.49985052835494,38.834526556862,16.59
IRL,2007,Male,2202239,0.50062924556429,38.291118543794,9.98
IRL,2008,Male,2242628,0.49952251857153,36.410727763034,16.35
IRL,2009,Male,2259659,0.49822994248142,35.196729695274,17.16
IRL,2010,Male,2266305,0.49697984010298,34.545056731442,16.94
IRL,2011,Male,2273995,0.49649640846043,33.383080729092,16.67
IRL,2012,Male,2279075,0.49550158880889,32.932283353598,17.48
IRL,2013,Male,2290415,0.495351729443,33.122647186518,17.48
IRL,2014,Male,2305695,0.4950244207879,34.507538746722,16.76
IRL,2015,Male,2325374,0.49455461070325,36.468924916404,16.69
IRL,2016,Male,2353517,0.49492159382653,37.268608254877,16.41
IRL,2017,Male,2379303,0.49492651403535,40.476417894941,16.00
IRL,2018,Male,2410509,0.49524407128862,41.247606983113,9.63
ISR,2001,Male,,,,17.48
ISR,2002,Male,,,,18.06
ISR,2003,Male,,,,18.80
ISR,2004,Male,,,,21.81
ISR,2005,Male,,,,19.29
ISR,2006,Male,,,,19.82
ISR,2007,Male,,,,19.42
ISR,2008,Male,,,,19.24
ISR,2009,Male,,,,22.40
ISR,2010,Male,,,,22.11
ISR,2011,Male,,,,19.25
ISR,2012,Male,,,,19.47
ISR,2013,Male,,,,18.57
ISR,2014,Male,,,,18.75
ISR,2015,Male,,,,18.58
ISR,2016,Male,,,,18.88
ISR,2017,Male,,,,18.48
ISR,2018,Male,,,,18.49
ITA,2000,Male,27571986,0.48421085103586,30.184561541024,18.82
ITA,2003,Male,27747098,0.48413099999499,,0.00
ITA,2004,Male,27937341,0.48430585485226,38.840395430492,17.68
ITA,2005,Male,28090113,0.48456725163043,38.709463518575,17.89
ITA,2006,Male,28177232,0.48461134770549,39.067301187131,17.91
ITA,2007,Male,28316201,0.48454860614941,40.012696572425,17.63
ITA,2008,Male,28495457,0.4843964085307,38.942728745259,17.85
ITA,2009,Male,28615902,0.48423259728302,39.528691868078,17.71
ITA,2010,Male,28691627,0.48402290563819,38.705637167571,17.76
ITA,2011,Male,28722395,0.48370935652153,37.76649140349,18.04
ITA,2012,Male,28796976,0.48365994683623,35.887863030417,18.27
ITA,2013,Male,29155195,0.48403262334916,35.745136344573,18.30
ITA,2014,Male,29487703,0.48508176705899,35.878639118652,18.51
ITA,2015,Male,29470033,0.48525854135657,36.87144191925,19.05
ITA,2016,Male,29437844,0.48555268211443,37.80152864753,18.83
ITA,2017,Male,29420111,0.48598796374517,37.713889999845,19.23
ITA,2018,Male,29397338,0.48653561498019,37.858027102775,18.69
JPN,2008,Male,,,,16.06
JPN,2010,Male,,,,8.59
JPN,2013,Male,,,,8.95
KIR,2006,Male,,,,0.00
KIR,2019,Male,,,,0.00
LAO,2002,Male,,,,0.00
LAO,2007,Male,,,,0.00
LAO,2012,Male,,,,0.00
LAO,2018,Male,,,,0.00
LVA,2004,Male,1038318,0.45879895630172,,0.00
LVA,2005,Male,1027096,0.45877138706792,11.457054681695,17.15
LVA,2006,Male,1017691,0.45875933737725,14.404667405601,16.34
LVA,2007,Male,1009882,0.45896986653628,18.632166318807,18.03
LVA,2008,Male,1000384,0.45945633973748,18.445871606448,18.09
LVA,2009,Male,982934,0.45895709055804,15.489860517336,18.05
LVA,2010,Male,960423,0.45787746686637,14.906186333559,19.09
LVA,2011,Male,941132,0.4569250532029,14.572367451117,18.10
LVA,2012,Male,930014,0.45716258650547,15.199434662064,17.73
LVA,2013,Male,921462,0.45783602831272,16.432894403222,16.71
LVA,2014,Male,913523,0.45818619133556,18.091214837822,16.77
LVA,2015,Male,907275,0.45879302913857,19.788042339436,16.33
LVA,2016,Male,899972,0.45927818636974,20.801788137437,17.16
LVA,2017,Male,892069,0.4592972930841,22.563400334431,17.51
LVA,2018,Male,886327,0.45991038984604,24.581639887895,16.90
LVA,2019,Male,882076,0.46089778579643,25.779237700979,16.73
LSO,2002,Male,,,,0.00
LSO,2017,Male,,,,0.00
LBR,2007,Male,,,,0.00
LBR,2014,Male,,,,0.00
LBR,2016,Male,,,,0.00
LTU,2004,Male,1573833,0.46603444790992,,0.00
LTU,2005,Male,1547041,0.46562192643105,12.708777911886,17.70
LTU,2006,Male,1519205,0.46460172014706,15.762811587896,16.17
LTU,2007,Male,1498129,0.46363134822551,18.838941581367,16.69
LTU,2008,Male,1480763,0.46299467254767,19.997649165275,16.85
LTU,2009,Male,1463661,0.46275710961802,16.648848680685,18.75
LTU,2010,Male,1429570,0.46155635816442,15.890489194124,18.95
LTU,2011,Male,1395941,0.46099342590615,17.042369067874,17.43
LTU,2012,Male,1376202,0.46061130474647,17.959144023092,17.66
LTU,2013,Male,1362342,0.46061061844171,18.241341172786,17.30
LTU,2014,Male,1350879,0.46067874944963,19.407202364242,18.18
LTU,2015,Male,1338721,0.4608477432014,20.971288388261,17.58
LTU,2016,Male,1320250,0.46030129912572,23.001716597523,18.49
LTU,2017,Male,1303200,0.46075499735946,23.878384553855,17.44
LTU,2018,Male,1293894,0.46185073806446,26.669139675898,17.09
LTU,2019,Male,1295569,0.46367418895821,29.330068350808,16.87
LUX,2000,Male,214945,0.4926545202952,56.787405934346,16.73
LUX,2003,Male,222650,0.49299353111756,59.785717474585,16.49
LUX,2004,Male,226256,0.49390715667311,61.50261438453,16.64
LUX,2005,Male,230099,0.49466860351668,63.014278028491,16.83
LUX,2006,Male,233857,0.49479199976124,61.64627042394,17.31
LUX,2007,Male,237676,0.49516681471775,63.479165945185,16.74
LUX,2008,Male,242009,0.4952614618881,61.356298994682,16.90
LUX,2009,Male,246959,0.49611955420466,63.247544330735,17.74
LUX,2010,Male,251833,0.49675939019969,61.989216418957,17.58
LUX,2011,Male,257855,0.49745819005939,61.325944027521,17.82
LUX,2012,Male,264859,0.4988444383475,59.179216717975,18.10
LUX,2013,Male,271571,0.49979982831787,61.346600199707,17.75
LUX,2014,Male,278439,0.50050392955902,61.825796749055,17.28
LUX,2015,Male,285300,0.50087573140447,56.923216515212,17.53
LUX,2016,Male,292086,0.50185423315268,62.504580496113,17.28
LUX,2017,Male,299488,0.50221359920226,60.792114468012,18.27
LUX,2018,Male,305568,0.50262041012948,63.68334836639,18.31
LUX,2019,Male,311791,0.50288812075049,63.826614848116,18.28
MDG,2001,Male,,,,0.00
MDG,2005,Male,,,,0.00
MDG,2010,Male,,,,0.00
MDG,2012,Male,,,,0.00
MWI,2004,Male,,,,0.00
MWI,2010,Male,,,,0.00
MWI,2016,Male,,,,0.00
MWI,2019,Male,,,,0.00
MYS,2003,Male,,,,18.20
MYS,2006,Male,,,,17.73
MYS,2008,Male,,,,18.25
MYS,2011,Male,,,,17.51
MYS,2013,Male,,,,16.30
MYS,2015,Male,,,,16.54
MLI,2001,Male,,,,0.00
MLI,2006,Male,,,,0.00
MLI,2009,Male,,,,0.00
MLI,2018,Male,,,,0.00
MLT,2006,Male,200991,0.49589752073462,28.908251496543,16.64
MLT,2007,Male,202069,0.49682211747071,30.91430953364,16.81
MLT,2008,Male,203503,0.4971017477785,31.536675672157,16.57
MLT,2009,Male,205379,0.49791689987978,30.546402679435,16.56
MLT,2010,Male,206442,0.49804239820108,31.275122180169,16.54
MLT,2011,Male,207041,0.49737462920704,32.429153165383,16.46
MLT,2012,Male,208929,0.49741824852831,33.184362760173,16.37
MLT,2013,Male,212104,0.49793732204521,34.975102230529,16.15
MLT,2014,Male,217097,0.49958316256194,36.882276047397,16.39
MLT,2015,Male,223176,0.50146125347119,36.691609083431,16.58
MLT,2016,Male,228879,0.50263867766393,39.231838372777,16.63
MLT,2017,Male,235539,0.50329026693635,39.877645045688,16.55
MLT,2018,Male,245115,0.5057777889893,40.740477336698,16.69
MLT,2019,Male,257195,0.51024497577797,42.577532746455,16.05
MRT,2000,Male,,,,0.00
MRT,2004,Male,,,,0.00
MRT,2008,Male,,,,0.00
MRT,2014,Male,,,,0.00
MEX,2000,Male,,,,18.65
MEX,2002,Male,,,,18.13
MEX,2004,Male,,,,17.36
MEX,2005,Male,,,,18.16
MEX,2006,Male,,,,17.58
MEX,2008,Male,,,,18.17
MEX,2010,Male,,,,16.97
MEX,2012,Male,,,,17.23
MEX,2014,Male,,,,16.37
MEX,2016,Male,,,,16.89
MEX,2018,Male,,,,16.64
MEX,2020,Male,,,,16.75
FSM,2000,Male,,,,28.57
MNE,2012,Male,306503,0.49388207148707,,21.62
MNE,2013,Male,306956,0.49412861797443,,18.15
MNE,2014,Male,307297,0.49419890880598,,19.12
MNE,2015,Male,307551,0.49432968064569,,18.57
MNE,2016,Male,307776,0.49457585605045,,17.52
MNE,2017,Male,307745,0.49447048219195,,17.37
MNE,2018,Male,307675,0.49447505378728,,18.17
MOZ,2002,Male,,,,0.00
MOZ,2008,Male,,,,0.00
MOZ,2014,Male,,,,0.00
MOZ,2019,Male,,,,0.00
MMR,2015,Male,,,,0.00
MMR,2017,Male,,,,0.00
NPL,2003,Male,,,,0.00
NPL,2010,Male,,,,0.00
NLD,2004,Male,8057666,0.49488855723743,,0.00
NLD,2005,Male,8073073,0.49467763260136,41.503143379514,9.95
NLD,2006,Male,8083287,0.49450858045782,43.580941441292,9.87
NLD,2007,Male,8100234,0.49446863649279,46.034341923114,9.78
NLD,2008,Male,8131947,0.49447581250538,46.321407672403,15.75
NLD,2009,Male,8178462,0.49475320771765,46.362865493887,10.00
NLD,2010,Male,8223473,0.49493100719403,45.926639761184,15.97
NLD,2011,Male,8261930,0.49493164512852,45.445905076446,9.91
NLD,2012,Male,8295056,0.49508061637451,44.796406232416,9.71
NLD,2013,Male,8319645,0.49508637733673,43.620391035766,10.00
NLD,2014,Male,8352074,0.49523096311437,43.682005564533,15.86
NLD,2015,Male,8392276,0.4954141023291,46.699935161294,9.96
NLD,2016,Male,8442513,0.49573446680393,48.703416268334,15.76
NLD,2017,Male,8499805,0.49615657447554,48.897664707326,9.87
NLD,2018,Male,8552124,0.49630401667322,49.641837934564,9.89
NLD,2019,Male,8612223,0.49652847273805,50.603936091143,15.73
NIC,2001,Male,,,,17.60
NIC,2005,Male,,,,16.97
NIC,2009,Male,,,,16.53
NIC,2014,Male,,,,17.25
NER,2005,Male,,,,0.00
NER,2007,Male,,,,0.00
NER,2011,Male,,,,0.00
NER,2014,Male,,,,0.00
NER,2018,Male,,,,0.00
MKD,2009,Male,1027832,0.50121764954831,,19.85
MKD,2010,Male,1029958,0.50119548579886,,19.92
MKD,2011,Male,1031508,0.50108784202862,,18.65
MKD,2012,Male,1032552,0.50098504996131,,18.21
MKD,2013,Male,1034008,0.50096542975929,,17.12
MKD,2014,Male,1035693,0.500947104928,,16.91
MKD,2015,Male,1037045,0.50093370681606,,16.89
MKD,2016,Male,1038208,0.50094724126843,,17.30
MKD,2017,Male,1039013,0.50084968814227,,17.22
MKD,2018,Male,1039741,0.5007866328788,,16.67
NOR,2000,Male,2223313,0.49506341078268,,7.53
NOR,2003,Male,2262353,0.4956023963524,,7.79
NOR,2004,Male,2276213,0.49570077883856,,7.83
NOR,2005,Male,2292463,0.49585106514619,,7.75
NOR,2006,Male,2312130,0.49609318008482,,8.31
NOR,2007,Male,2339709,0.49684285901664,,7.77
NOR,2008,Male,2375152,0.49812219149362,,8.31
NOR,2009,Male,2409761,0.49904714317981,,8.06
NOR,2010,Male,2442263,0.49951679624486,,7.99
NOR,2011,Male,,,,8.21
NOR,2012,Male,,,,8.19
NOR,2013,Male,,,,8.18
NOR,2014,Male,2581163,0.50244252558594,,8.30
NOR,2015,Male,,,,8.50
NOR,2016,Male,2633957,0.50318997849054,,8.71
NOR,2017,Male,2658526,0.50379807835853,,8.47
NOR,2018,Male,2676582,0.50388273778759,,8.39
NOR,2019,Male,2694992,0.5039350911713,,8.61
PAN,2000,Male,,,,23.78
PAN,2001,Male,,,,24.85
PAN,2002,Male,,,,24.12
PAN,2003,Male,,,,23.57
PAN,2004,Male,,,,23.83
PAN,2005,Male,,,,23.40
PAN,2006,Male,,,,23.55
PAN,2007,Male,,,,23.31
PAN,2008,Male,,,,22.48
PAN,2009,Male,,,,22.06
PAN,2010,Male,,,,21.65
PAN,2011,Male,,,,19.92
PAN,2012,Male,,,,21.98
PAN,2013,Male,,,,22.35
PAN,2014,Male,,,,22.07
PAN,2015,Male,,,,19.85
PAN,2016,Male,,,,22.06
PAN,2017,Male,,,,22.31
PAN,2018,Male,,,,21.76
PAN,2019,Male,,,,19.89
PRY,2001,Male,,,,22.91
PRY,2002,Male,,,,22.85
PRY,2003,Male,,,,19.15
PRY,2004,Male,,,,17.95
PRY,2005,Male,,,,18.01
PRY,2006,Male,,,,19.03
PRY,2007,Male,,,,18.51
PRY,2008,Male,,,,18.25
PRY,2009,Male,,,,19.49
PRY,2010,Male,,,,19.07
PRY,2011,Male,,,,19.48
PRY,2012,Male,,,,19.16
PRY,2013,Male,,,,18.16
PRY,2014,Male,,,,17.94
PRY,2015,Male,,,,18.39
PRY,2016,Male,,,,17.71
PRY,2017,Male,,,,17.15
PRY,2018,Male,,,,17.33
PRY,2019,Male,,,,17.49
PRY,2020,Male,,,,17.54
PER,2000,Male,,,,22.21
PER,2001,Male,,,,22.60
PER,2002,Male,,,,22.91
PER,2003,Male,,,,19.70
PER,2004,Male,,,,22.50
PER,2005,Male,,,,22.78
PER,2006,Male,,,,22.71
PER,2007,Male,,,,22.57
PER,2008,Male,,,,22.22
PER,2009,Male,,,,19.65
PER,2010,Male,,,,19.20
PER,2011,Male,,,,19.26
PER,2012,Male,,,,19.17
PER,2013,Male,,,,18.80
PER,2014,Male,,,,18.49
PER,2015,Male,,,,17.84
PER,2016,Male,,,,18.47
PER,2017,Male,,,,18.23
PER,2018,Male,,,,17.82
PER,2019,Male,,,,17.40
PER,2020,Male,,,,18.04
PHL,2000,Male,,,,16.71
PHL,2003,Male,,,,16.66
PHL,2006,Male,,,,16.94
PHL,2009,Male,,,,16.45
PHL,2012,Male,,,,16.65
PHL,2015,Male,,,,16.10
PHL,2018,Male,,,,9.88
POL,2004,Male,18482370,0.48405697023729,,0.00
POL,2005,Male,18466193,0.48384588553914,13.756567104006,19.07
POL,2006,Male,18446219,0.48362891213696,14.885705682415,18.39
POL,2007,Male,18424397,0.48331917351124,16.767533711923,17.70
POL,2008,Male,18416388,0.48304319478715,18.266764148031,17.61
POL,2009,Male,18422520,0.48287670119339,18.850844463776,17.64
POL,2010,Male,18421885,0.48424112867443,19.260465809362,17.74
POL,2011,Male,18429960,0.48419295752868,19.351809453434,17.82
POL,2012,Male,18426991,0.48411613850769,19.352760488141,18.08
POL,2013,Male,18415278,0.48410052036734,19.756557018346,17.89
POL,2014,Male,18401000,0.48408737199699,20.436102228001,17.88
POL,2015,Male,18387867,0.48406435428198,21.768130901023,17.91
POL,2016,Male,18378433,0.48402399028067,22.997221752826,16.59
POL,2017,Male,18378738,0.48397162254703,24.348362724302,16.64
POL,2018,Male,18379361,0.48398900620267,25.876575601263,16.49
PRT,2003,Male,5044202,0.48229169698539,,0.00
PRT,2004,Male,5052539,0.4819349664138,21.572247383818,17.17
PRT,2005,Male,5057891,0.48155120998541,21.338563206565,16.71
PRT,2006,Male,5063769,0.48124227310762,21.680238889034,17.14
PRT,2007,Male,5069384,0.48083101703019,22.802612920078,17.61
PRT,2008,Male,5072071,0.48039269846254,22.684578320622,17.36
PRT,2009,Male,5068748,0.47962058935073,23.967826826536,17.21
PRT,2010,Male,5063563,0.47891001627752,23.001700823969,17.22
PRT,2011,Male,5046296,0.47797941513826,21.882607708293,16.93
PRT,2012,Male,5017289,0.4771625013588,20.948352078824,17.30
PRT,2013,Male,4981409,0.47635733124166,21.128888012949,18.10
PRT,2014,Male,4945543,0.47548449977612,21.908519480413,17.57
PRT,2015,Male,4915718,0.47457835903112,22.906008924441,17.64
PRT,2016,Male,4893983,0.47397278686591,23.132514524655,17.06
PRT,2017,Male,4878064,0.47358469647579,23.680145548535,16.98
PRT,2018,Male,4864284,0.47300352044553,25.088884767019,16.75
PRT,2019,Male,4856920,0.47217542504503,27.163890248886,16.72
ROU,2006,Male,10321028,0.48698429732565,,0.00
ROU,2007,Male,10169459,0.48697354719857,8.0581246031219,23.41
ROU,2008,Male,10001671,0.48698667245605,9.205323950908,19.50
ROU,2009,Male,9916427,0.48687533298207,9.4586111739406,19.53
ROU,2010,Male,9857131,0.48684717075896,9.2034223254075,19.94
ROU,2011,Male,9807863,0.48680233074224,8.5613601562973,23.57
ROU,2012,Male,9758638,0.48652015058124,8.6640492467479,23.94
ROU,2013,Male,9743741,0.48758461132561,8.8034144813965,23.75
ROU,2014,Male,9727323,0.48858976530721,9.5069689361979,23.81
ROU,2015,Male,9680190,0.48851323260888,10.196462527828,24.02
ROU,2016,Male,9621254,0.48833235453303,11.566137089199,23.42
ROU,2017,Male,9575081,0.48880599313305,14.467759549589,24.02
ROU,2018,Male,9525756,0.48915331578637,15.840614142969,19.71
ROU,2019,Male,9479500,0.4893492262313,17.890647606228,23.25
RUS,2014,Male,66617635,0.46320254450205,,16.21
RUS,2015,Male,,,,16.22
RUS,2016,Male,,,,16.09
RUS,2017,Male,,,,15.70
RUS,2018,Male,,,,15.65
RWA,2000,Male,,,,0.00
RWA,2005,Male,,,,0.00
RWA,2010,Male,,,,0.00
RWA,2013,Male,,,,0.00
RWA,2016,Male,,,,0.00
LCA,2016,Male,,,,22.40
STP,2000,Male,,,,0.00
STP,2010,Male,,,,0.00
STP,2017,Male,,,,0.00
SEN,2001,Male,,,,0.00
SEN,2005,Male,,,,0.00
SEN,2011,Male,,,,0.00
SEN,2018,Male,,,,0.00
SRB,2012,Male,3505862,0.48698779724495,,17.80
SRB,2013,Male,3488548,0.48694639911829,,18.16
SRB,2014,Male,3471983,0.48691483790065,,19.05
SRB,2015,Male,3455141,0.48695637140091,,18.63
SRB,2016,Male,3437467,0.48700916232216,,18.04
SRB,2017,Male,3419571,0.48705888067961,,17.05
SRB,2018,Male,3401414,0.48712694124241,,16.41
SRB,2019,Male,3383783,0.48720935976578,,15.64
SYC,2013,Male,,,,14.85
SYC,2018,Male,,,,15.51
SLE,2003,Male,,,,0.00
SLE,2011,Male,,,,0.00
SLE,2018,Male,,,,0.00
SVK,2004,Male,2608327,0.48551595113438,,0.00
SVK,2005,Male,2609083,0.48560896460522,15.394501405303,15.68
SVK,2006,Male,2609916,0.48574166636888,17.159570493505,9.77
SVK,2007,Male,2611355,0.48586777290171,18.171247870946,9.70
SVK,2008,Male,2615228,0.48617129557981,18.553847554984,9.77
SVK,2009,Male,2620285,0.48646264000025,19.585678261331,15.75
SVK,2010,Male,2624041,0.48670620602143,19.984946872412,16.08
SVK,2011,Male,2628063,0.48682416105789,20.987229333194,16.16
SVK,2012,Male,2633338,0.48697172374259,19.620629904953,16.04
SVK,2013,Male,2637224,0.48716667812515,19.599667771122,16.53
SVK,2014,Male,2640375,0.48727563719673,19.78802937225,16.26
SVK,2015,Male,2643523,0.48739308242284,19.918643124971,16.13
SVK,2016,Male,2648298,0.48764451042819,20.529583795637,15.88
SVK,2017,Male,2653581,0.48785955182589,21.236609399268,15.69
SVK,2018,Male,2658295,0.4880498684578,22.564860520284,16.03
SVK,2019,Male,2662896,0.48823329427213,23.061149323924,15.38
SVN,2004,Male,977085,0.48927361950038,,0.00
SVN,2005,Male,978462,0.48911538403777,29.072468677402,9.31
SVN,2006,Male,983184,0.48990994120871,30.054878643672,9.34
SVN,2007,Male,990784,0.49094373841324,31.836098554662,9.28
SVN,2008,Male,991954,0.49074676075689,32.814248927171,9.00
SVN,2009,Male,1007554,0.49397941902082,32.728616388067,9.34
SVN,2010,Male,1014903,0.49541714216483,32.735005064167,9.64
SVN,2011,Male,1015876,0.49486315651874,32.650510640468,9.56
SVN,2012,Male,1017553,0.49464022308971,31.066369163995,9.86
SVN,2013,Male,1019621,0.49497309382409,30.859287167286,15.63
SVN,2014,Male,1021317,0.49530902413049,31.598383072392,9.90
SVN,2015,Male,1022554,0.49553632456466,31.92910378161,9.88
SVN,2016,Male,1023756,0.49575571604912,33.057489400301,9.66
SVN,2017,Male,1025369,0.49621350552666,33.756403948866,9.44
SVN,2018,Male,1030526,0.4969040292615,35.334251481214,9.08
SVN,2019,Male,1042388,0.49913595411234,36.630587462979,9.14
SLB,2005,Male,,,,0.00
SLB,2012,Male,,,,0.00
KOR,2006,Male,,,,14.89
KOR,2008,Male,,,,14.79
KOR,2010,Male,,,,14.67
KOR,2012,Male,,,,14.70
KOR,2014,Male,,,,9.89
KOR,2016,Male,,,,9.92
SSD,2009,Male,,,,0.00
SSD,2016,Male,,,,0.00
ESP,2000,Male,19874193,0.48989992187334,31.568521344765,17.54
ESP,2003,Male,20719175,0.49111950275795,,0.00
ESP,2004,Male,21108726,0.49179390323524,30.60580900471,17.93
ESP,2005,Male,21511116,0.49277347659287,32.408159067032,17.48
ESP,2006,Male,21910477,0.493509027761,32.175357031553,17.83
ESP,2007,Male,22337345,0.49389619205824,37.890338758317,17.94
ESP,2008,Male,22732549,0.494679392486,38.770622628772,18.37
ESP,2009,Male,22941730,0.49482901688355,38.19828871391,18.23
ESP,2010,Male,23026904,0.49438467443718,35.489362131388,18.67
ESP,2011,Male,23086781,0.49391205904176,34.543486271927,19.11
ESP,2012,Male,23076729,0.49337656351259,33.01243300293,19.20
ESP,2013,Male,22964636,0.49259146946288,32.005537729607,23.58
ESP,2014,Male,22862057,0.4918593722047,32.267964241303,19.97
ESP,2015,Male,22824220,0.49142647514568,32.985221563382,19.78
ESP,2016,Male,22829054,0.49111574891346,34.625944006812,19.61
ESP,2017,Male,22866602,0.49077085242219,35.364338285913,19.11
ESP,2018,Male,22950199,0.49041242199939,35.141569009507,18.86
ESP,2019,Male,23105567,0.49021517325542,37.346477597764,19.07
SDN,2009,Male,,,,0.00
SDN,2014,Male,,,,0.00
SWE,2000,Male,4385398,0.49429042233158,,0.00
SWE,2003,Male,4435743,0.49515848043819,,0.00
SWE,2004,Male,4455504,0.49541215307604,34.031672707452,9.43
SWE,2005,Male,4475321,0.49562942107057,34.986647244651,9.98
SWE,2006,Male,4502791,0.49587455535917,36.345231433233,9.68
SWE,2007,Male,4540813,0.49636732509574,38.468761622093,9.85
SWE,2008,Male,4582165,0.49700068398671,39.147338189922,15.26
SWE,2009,Male,4624682,0.4973571107479,40.069952970173,15.58
SWE,2010,Male,4667650,0.49771676200945,40.707528881596,15.50
SWE,2011,Male,4707002,0.4981370219753,41.219466658008,15.35
SWE,2012,Male,4745037,0.49846106473209,41.814166014141,15.34
SWE,2013,Male,4788091,0.49873988752281,42.49892495201,15.75
SWE,2014,Male,4839937,0.49916276683632,43.855857790749,15.59
SWE,2015,Male,4898147,0.499852524095,44.4738819202,15.74
SWE,2016,Male,4967039,0.50055400371353,45.350759624005,15.97
SWE,2017,Male,5044718,0.50157781476682,45.386860511434,15.81
SWE,2018,Male,5110270,0.50222731827954,45.816256481592,16.20
SWE,2019,Male,5166919,0.50267302106462,47.046035753089,15.90
CHE,2000,Male,3510385,0.48862242485251,,8.86
CHE,2002,Male,3558564,0.48849483292544,,9.00
CHE,2006,Male,3664648,0.48966876557153,,9.45
CHE,2007,Male,3700124,0.49001024006827,,9.52
CHE,2008,Male,3753606,0.49081674391262,,9.42
CHE,2009,Male,3807312,0.49165746542132,,9.11
CHE,2010,Male,3849804,0.49199350715905,,9.32
CHE,2011,Male,3898248,0.49267598239115,,9.27
CHE,2012,Male,3943060,0.49307601001777,,8.97
CHE,2013,Male,3993347,0.49365522834759,,9.10
CHE,2014,Male,4046312,0.49413677352204,,9.25
CHE,2015,Male,4096000,0.49454299312451,,9.35
CHE,2016,Male,4144343,0.49494519477669,,9.41
CHE,2017,Male,4189442,0.49568409238023,,9.30
CHE,2018,Male,4221406,0.49580027651627,,9.43
SYR,2000,Male,,,,8.59
SYR,2005,Male,,,,8.71
SYR,2007,Male,,,,8.76
SYR,2010,Male,,,,9.31
SYR,2013,Male,,,,9.00
SYR,2016,Male,,,,8.71
TZA,2000,Male,,,,0.00
TZA,2007,Male,,,,0.00
TZA,2011,Male,,,,0.00
TZA,2018,Male,,,,0.00
TLS,2001,Male,,,,0.00
TLS,2007,Male,,,,0.00
TLS,2014,Male,,,,0.00
TGO,2006,Male,,,,0.00
TGO,2011,Male,,,,0.00
TGO,2015,Male,,,,0.00
TGO,2018,Male,,,,0.00
TUV,2010,Male,,,,0.00
UGA,2002,Male,,,,0.00
UGA,2005,Male,,,,0.00
UGA,2009,Male,,,,0.00
UGA,2012,Male,,,,0.00
UGA,2016,Male,,,,0.00
UGA,2019,Male,,,,0.00
ARE,2013,Male,,,,17.83
GBR,2000,Male,,,,9.85
GBR,2001,Male,,,,9.86
GBR,2002,Male,,,,9.82
GBR,2003,Male,,,,9.77
GBR,2004,Male,,,,15.42
GBR,2005,Male,,,,15.19
GBR,2006,Male,,,,15.02
GBR,2007,Male,,,,14.89
GBR,2008,Male,,,,9.66
GBR,2009,Male,,,,9.85
GBR,2010,Male,,,,9.62
GBR,2011,Male,,,,9.67
GBR,2012,Male,,,,9.53
GBR,2013,Male,,,,9.96
GBR,2014,Male,,,,9.99
GBR,2015,Male,,,,9.54
GBR,2016,Male,,,,9.92
GBR,2017,Male,,,,15.58
USA,2000,Male,,,,16.84
USA,2001,Male,,,,17.01
USA,2002,Male,,,,17.24
USA,2003,Male,,,,17.22
USA,2004,Male,,,,17.01
USA,2005,Male,,,,17.11
USA,2006,Male,,,,17.17
USA,2007,Male,,,,17.27
USA,2008,Male,,,,17.30
USA,2009,Male,,,,16.98
USA,2010,Male,,,,17.08
USA,2011,Male,,,,17.15
USA,2012,Male,,,,17.29
USA,2013,Male,,,,17.27
USA,2014,Male,,,,16.82
USA,2015,Male,,,,16.90
USA,2016,Male,,,,17.14
USA,2017,Male,,,,17.40
USA,2018,Male,,,,17.34
USA,2019,Male,,,,17.33
URY,2000,Male,,,,17.91
URY,2001,Male,,,,18.01
URY,2002,Male,,,,18.33
URY,2003,Male,,,,17.59
URY,2004,Male,,,,18.44
URY,2005,Male,,,,18.41
URY,2006,Male,,,,17.89
URY,2007,Male,,,,18.01
URY,2008,Male,,,,17.64
URY,2009,Male,,,,18.11
URY,2010,Male,,,,17.71
URY,2011,Male,,,,17.40
URY,2012,Male,,,,17.07
URY,2013,Male,,,,17.26
URY,2014,Male,,,,17.10
URY,2015,Male,,,,17.34
URY,2016,Male,,,,16.98
URY,2017,Male,,,,16.75
URY,2018,Male,,,,16.75
URY,2019,Male,,,,16.94
URY,2020,Male,,,,17.26
VUT,2010,Male,,,,0.00
VUT,2019,Male,,,,0.00
VEN,2001,Male,,,,18.65
VEN,2002,Male,,,,19.65
VEN,2003,Male,,,,19.86
VEN,2004,Male,,,,19.58
VEN,2005,Male,,,,21.88
VEN,2006,Male,,,,18.22
YEM,2005,Male,,,,0.00
YEM,2014,Male,,,,0.00
ALB,2016,Female,1417391,0.49281713122028,,17.89
ALB,2017,Female,1421499,0.49470015028205,,17.45
ALB,2018,Female,1429745,0.49879909027692,,17.23
AGO,2000,Female,,,,0.00
AGO,2008,Female,,,,0.00
AGO,2018,Female,,,,0.00
ARG,2000,Female,,,,23.15
ARG,2001,Female,,,,23.92
ARG,2002,Female,,,,23.91
ARG,2003,Female,,,,22.77
ARG,2004,Female,,,,22.94
ARG,2005,Female,,,,22.47
ARG,2006,Female,,,,22.19
ARG,2007,Female,,,,22.37
ARG,2008,Female,,,,19.30
ARG,2009,Female,,,,19.55
ARG,2010,Female,,,,18.98
ARG,2011,Female,,,,18.60
ARG,2012,Female,,,,18.22
ARG,2013,Female,,,,18.30
ARG,2014,Female,,,,18.33
ARG,2016,Female,,,,18.55
ARG,2017,Female,,,,18.05
ARG,2018,Female,,,,18.32
ARG,2019,Female,,,,18.87
ARG,2020,Female,,,,18.89
AUS,2001,Female,,,,9.24
AUS,2003,Female,,,,9.23
AUS,2004,Female,,,,8.91
AUS,2008,Female,,,,9.22
AUS,2010,Female,,,,9.27
AUS,2014,Female,,,,9.09
AUS,2016,Female,,,,9.30
AUS,2018,Female,,,,9.63
AUT,2000,Female,4138700,0.51659071658669,40.998028944741,17.19
AUT,2003,Female,4181563,0.51488067130577,42.539742214405,16.98
AUT,2004,Female,4205097,0.51457604371493,44.960571518724,17.03
AUT,2005,Female,4230101,0.51412125722091,43.388221817767,16.81
AUT,2006,Female,4247321,0.51366621365015,43.544707384228,16.78
AUT,2007,Female,4259341,0.51345288123217,45.538648230637,17.50
AUT,2008,Female,4272434,0.51342147901255,46.659224514372,17.50
AUT,2009,Female,4282338,0.51326532216005,48.070448685552,17.57
AUT,2010,Female,4291476,0.51312562091076,48.849853085207,17.42
AUT,2011,Female,4304746,0.51298016373172,47.512794516108,17.67
AUT,2012,Female,4321187,0.51259692861223,46.582277638276,17.50
AUT,2013,Female,4342557,0.51210479113473,48.471748341641,17.38
AUT,2014,Female,4372178,0.51158397731208,48.494166015742,17.66
AUT,2015,Female,4414035,0.51072414602059,48.919183544344,17.93
AUT,2016,Female,4446339,0.50892853961584,50.787267683884,17.50
AUT,2017,Female,4472982,0.5084341318372,51.226708968411,17.53
AUT,2018,Female,4493026,0.50823093429387,50.312236479418,17.82
AUT,2019,Female,4512487,0.50816755138267,51.460101802547,17.32
BGD,2000,Female,,,,0.00
BGD,2005,Female,,,,0.00
BGD,2010,Female,,,,0.00
BGD,2016,Female,,,,0.00
BGD,2022,Female,,,,0.00
BEL,2000,Female,5239288,0.51108775832997,39.235697776716,16.23
BEL,2003,Female,5299321,0.51072215842572,38.419243207199,17.01
BEL,2004,Female,5321866,0.51068006961242,40.221521907034,16.84
BEL,2005,Female,5351259,0.5106837623202,40.441411310191,16.63
BEL,2006,Female,5386238,0.5106427489744,40.51346506005,16.71
BEL,2007,Female,5424140,0.51047367791534,41.196090135277,16.69
BEL,2008,Female,5464551,0.51023018382344,42.074614997676,16.51
BEL,2009,Female,5506571,0.51003331138613,42.598984173682,16.45
BEL,2010,Female,5556077,0.50993841735698,42.738797540234,16.83
BEL,2011,Female,5618070,0.5089632074067,41.899115632233,16.91
BEL,2012,Female,5651396,0.5088170349125,43.218437726391,16.63
BEL,2013,Female,5676019,0.50863092336183,43.291576701356,17.01
BEL,2014,Female,5701400,0.50864228447952,43.586898889352,16.87
BEL,2015,Female,5731977,0.50841565312014,44.582208672029,17.44
BEL,2016,Female,5752160,0.50762917579228,43.950469615327,17.39
BEL,2017,Female,5774349,0.50762804637567,44.078519434989,16.79
BEL,2018,Female,5798815,0.50746377468299,45.549543077391,16.51
BEL,2019,Female,5827665,0.50723961088101,46.733919350836,16.32
BEN,2003,Female,,,,0.00
BEN,2011,Female,,,,0.00
BEN,2015,Female,,,,0.00
BEN,2018,Female,,,,0.00
BTN,2003,Female,,,,0.00
BTN,2007,Female,,,,0.00
BTN,2012,Female,,,,0.00
BTN,2017,Female,,,,0.00
BTN,2022,Female,,,,0.00
BOL,2000,Female,,,,26.92
BOL,2001,Female,,,,24.41
BOL,2002,Female,,,,24.82
BOL,2004,Female,,,,19.33
BOL,2005,Female,,,,23.78
BOL,2006,Female,,,,23.59
BOL,2007,Female,,,,23.67
BOL,2008,Female,,,,19.97
BOL,2009,Female,,,,22.01
BOL,2011,Female,,,,19.58
BOL,2012,Female,,,,21.88
BOL,2013,Female,,,,21.76
BOL,2014,Female,,,,19.03
BOL,2015,Female,,,,18.93
BOL,2016,Female,,,,19.54
BOL,2017,Female,,,,19.33
BOL,2018,Female,,,,18.23
BOL,2019,Female,,,,16.84
BOL,2020,Female,,,,16.99
BRA,2001,Female,,,,23.72
BRA,2002,Female,,,,23.41
BRA,2003,Female,,,,23.43
BRA,2004,Female,,,,23.04
BRA,2005,Female,,,,23.04
BRA,2006,Female,,,,22.64
BRA,2007,Female,,,,22.95
BRA,2008,Female,,,,22.30
BRA,2009,Female,,,,22.39
BRA,2011,Female,,,,22.11
BRA,2012,Female,,,,22.33
BRA,2013,Female,,,,19.74
BRA,2014,Female,,,,19.44
BRA,2015,Female,,,,19.67
BRA,2016,Female,,,,22.14
BRA,2017,Female,,,,22.29
BRA,2018,Female,,,,22.37
BRA,2019,Female,,,,22.58
BRA,2020,Female,,,,17.31
BGR,2006,Female,3900210,0.51311661210341,8.5032129385797,19.16
BGR,2007,Female,3872066,0.51317335371539,11.373408839543,18.15
BGR,2008,Female,3844580,0.51311970919933,13.091345474921,18.23
BGR,2009,Female,3819629,0.5130846314355,13.739418306237,18.65
BGR,2010,Female,3794382,0.51305956021788,12.857978102732,19.21
BGR,2011,Female,3769679,0.51299822197942,12.111298136918,18.48
BGR,2012,Female,3749506,0.51321714744902,12.41051457296,18.84
BGR,2013,Female,3729501,0.51334371695061,13.960149157811,19.12
BGR,2014,Female,3709568,0.51351060777344,14.584428532241,18.78
BGR,2015,Female,3687746,0.51375746681777,13.668993596361,19.67
BGR,2016,Female,3663264,0.51393877701647,15.552991568424,19.57
BGR,2017,Female,3638556,0.51421479925186,15.392882587584,18.98
BGR,2018,Female,3614762,0.5145542560504,17.272804852428,18.79
BGR,2019,Female,3591837,0.5149025598286,18.243095848179,19.10
BFA,2003,Female,,,,0.00
BFA,2009,Female,,,,0.00
BFA,2014,Female,,,,0.00
BFA,2018,Female,,,,0.00
BDI,2006,Female,,,,0.00
BDI,2013,Female,,,,0.00
CAN,2000,Female,,,,15.00
CAN,2004,Female,,,,15.21
CAN,2007,Female,,,,9.91
CAN,2010,Female,,,,15.06
CAN,2012,Female,,,,15.46
CAN,2013,Female,,,,15.44
CAN,2014,Female,,,,15.04
CAN,2015,Female,,,,15.36
CAN,2016,Female,,,,9.86
CAN,2017,Female,,,,15.26
CAF,2008,Female,,,,0.00
CAF,2021,Female,,,,0.00
TCD,2003,Female,,,,0.00
TCD,2011,Female,,,,0.00
TCD,2018,Female,,,,0.00
CHL,2000,Female,,,,17.80
CHL,2003,Female,,,,17.88
CHL,2006,Female,,,,16.42
CHL,2009,Female,,,,15.94
CHL,2011,Female,,,,15.87
CHL,2013,Female,,,,15.66
CHL,2015,Female,,,,15.47
CHL,2017,Female,,,,15.51
CHL,2020,Female,,,,15.67
COL,2000,Female,,,,19.87
COL,2001,Female,,,,22.05
COL,2002,Female,,,,19.30
COL,2003,Female,,,,18.57
COL,2004,Female,,,,18.36
COL,2005,Female,,,,18.60
COL,2008,Female,,,,22.56
COL,2009,Female,,,,19.53
COL,2010,Female,,,,19.35
COL,2011,Female,,,,19.17
COL,2012,Female,,,,19.24
COL,2013,Female,,,,19.29
COL,2014,Female,,,,19.26
COL,2015,Female,,,,18.85
COL,2016,Female,,,,18.51
COL,2017,Female,,,,18.33
COL,2018,Female,,,,18.46
COL,2019,Female,,,,18.94
COL,2020,Female,,,,21.99
COM,2004,Female,,,,0.00
COM,2014,Female,,,,0.00
CRI,2000,Female,,,,18.72
CRI,2001,Female,,,,18.84
CRI,2002,Female,,,,18.65
CRI,2003,Female,,,,19.23
CRI,2004,Female,,,,18.29
CRI,2005,Female,,,,17.96
CRI,2006,Female,,,,17.88
CRI,2007,Female,,,,17.37
CRI,2008,Female,,,,17.53
CRI,2009,Female,,,,18.32
CRI,2010,Female,,,,17.31
CRI,2011,Female,,,,18.35
CRI,2012,Female,,,,18.12
CRI,2013,Female,,,,17.94
CRI,2014,Female,,,,18.06
CRI,2015,Female,,,,17.55
CRI,2016,Female,,,,17.97
CRI,2017,Female,,,,17.49
CRI,2018,Female,,,,17.71
CRI,2019,Female,,,,17.77
CRI,2020,Female,,,,18.35
HRV,2009,Female,2230637,0.51812870029115,,0.00
HRV,2010,Female,2224353,0.51784225653387,17.418033591065,18.70
HRV,2011,Female,2216323,0.51775735181849,16.946816732341,18.92
HRV,2012,Female,2209312,0.51769955172891,15.931797821566,18.55
HRV,2013,Female,2202318,0.51749989441924,15.936158347411,18.93
HRV,2014,Female,2192704,0.51734396343231,16.592242113511,18.86
HRV,2015,Female,2174855,0.51737881853097,17.920607805062,18.77
HRV,2016,Female,2159429,0.51730928880329,19.162734741298,18.56
HRV,2017,Female,2133648,0.51730688821204,20.384927671245,18.24
HRV,2018,Female,2114563,0.5172811158124,21.739679235941,17.68
HRV,2019,Female,2098000,0.51608121786565,23.434914481545,17.14
CYP,2004,Female,514827,0.50952353944498,,0.00
CYP,2005,Female,523939,0.5098388005462,36.342232075239,9.90
CYP,2006,Female,533187,0.50997899230255,38.99703206841,16.88
CYP,2007,Female,542301,0.50982166889207,39.540275347822,16.98
CYP,2008,Female,551523,0.50992937309119,38.655387581929,17.20
CYP,2009,Female,560810,0.51071486830713,37.554447655939,16.81
CYP,2010,Female,569843,0.51216519764631,38.570339970045,16.39
CYP,2011,Female,577310,0.51323904347836,37.518826425577,16.39
CYP,2012,Female,583340,0.51393543701879,34.668821094982,16.94
CYP,2013,Female,587657,0.51374674030291,31.743484587337,16.94
CYP,2014,Female,591542,0.51335897435897,31.224907464755,17.47
CYP,2015,Female,596501,0.51378853564547,32.607511239428,17.13
CYP,2016,Female,600913,0.51351791012579,33.952580020081,17.09
CYP,2017,Female,604661,0.51256197341607,35.280109214592,17.04
CYP,2018,Female,609231,0.51227673922401,37.321479861436,16.53
CYP,2019,Female,613133,0.51155213101054,39.142880127685,16.65
CZE,2002,Female,5233480,0.51324150475896,,0.00
CZE,2004,Female,5229104,0.51280304633084,,0.00
CZE,2005,Female,5234535,0.51262607420147,21.864290076863,16.23
CZE,2006,Female,5241772,0.51194655256179,22.918825283385,15.93
CZE,2007,Female,5266442,0.51136325847092,24.063649689078,9.55
CZE,2008,Female,5299319,0.51030548690752,24.383870009432,9.43
CZE,2009,Female,5318349,0.50922841958249,25.008298830044,9.64
CZE,2010,Female,5332194,0.50906874421244,25.081349100969,9.99
CZE,2011,Female,5344264,0.50916725145329,25.287338181907,15.90
CZE,2012,Female,5349953,0.5089965251353,24.722609437672,9.90
CZE,2013,Female,5350832,0.50891140985867,24.763042451122,15.88
CZE,2014,Female,5356618,0.50892558601403,25.22845953959,9.61
CZE,2015,Female,5365308,0.50875005634224,26.28829068646,9.61
CZE,2016,Female,5373864,0.50858374527648,27.137828468401,9.40
CZE,2017,Female,5386072,0.50838685221981,28.206628215057,9.21
CZE,2018,Female,5400360,0.50803355873273,29.078895971037,9.21
CZE,2019,Female,5416808,0.50757817048207,30.425022336603,9.24
COD,2004,Female,,,,0.00
COD,2012,Female,,,,0.00
DNK,2000,Female,2700751,0.505795100206,,0.00
DNK,2003,Female,2724656,0.50544821433315,40.758040094837,9.62
DNK,2004,Female,2730983,0.50531435960901,41.878739884446,9.48
DNK,2005,Female,2738168,0.50525011526581,41.861207586528,9.34
DNK,2006,Female,2746569,0.50513748698977,42.717316513866,9.33
DNK,2007,Female,2757669,0.50493475040958,43.637169548314,9.38
DNK,2008,Female,2772122,0.50460746219131,43.69370181516,9.43
DNK,2009,Female,2785303,0.50430113594406,44.502285591335,9.93
DNK,2010,Female,2797980,0.5043512448105,45.745453641182,9.91
DNK,2011,Female,2809060,0.50426786327012,44.907586006251,9.61
DNK,2012,Female,2819314,0.50420785461416,44.438111755594,9.64
DNK,2013,Female,2829977,0.50400918997299,45.28954919389,15.86
DNK,2014,Female,2843137,0.50379200442135,45.651550013717,9.73
DNK,2015,Female,2860664,0.50332940792955,45.532827829734,9.59
DNK,2016,Female,2879800,0.50275763235225,46.667710440512,15.95
DNK,2017,Female,2896736,0.50247122470915,48.327382262996,9.84
DNK,2018,Female,2910970,0.5024427496761,48.791921700116,9.90
DNK,2019,Female,2921198,0.5024056674373,48.650539680998,9.51
DJI,2002,Female,,,,0.00
DJI,2012,Female,,,,0.00
DJI,2013,Female,,,,0.00
DJI,2017,Female,,,,0.00
DOM,2000,Female,,,,18.70
DOM,2001,Female,,,,18.40
DOM,2002,Female,,,,19.06
DOM,2003,Female,,,,18.29
DOM,2004,Female,,,,18.40
DOM,2005,Female,,,,18.27
DOM,2006,Female,,,,18.57
DOM,2007,Female,,,,17.88
DOM,2008,Female,,,,17.79
DOM,2009,Female,,,,17.82
DOM,2010,Female,,,,17.91
DOM,2011,Female,,,,17.05
DOM,2012,Female,,,,17.08
DOM,2013,Female,,,,17.21
DOM,2014,Female,,,,17.14
DOM,2015,Female,,,,17.17
DOM,2016,Female,,,,17.52
DOM,2017,Female,,,,15.70
DOM,2018,Female,,,,15.64
DOM,2019,Female,,,,15.75
DOM,2020,Female,,,,15.28
ECU,2000,Female,,,,19.87
ECU,2003,Female,,,,19.67
ECU,2004,Female,,,,19.61
ECU,2005,Female,,,,21.88
ECU,2006,Female,,,,18.82
ECU,2007,Female,,,,18.74
ECU,2008,Female,,,,19.07
ECU,2009,Female,,,,18.17
ECU,2010,Female,,,,18.28
ECU,2011,Female,,,,18.01
ECU,2012,Female,,,,18.77
ECU,2013,Female,,,,17.99
ECU,2014,Female,,,,17.35
ECU,2015,Female,,,,17.71
ECU,2016,Female,,,,17.34
ECU,2017,Female,,,,17.69
ECU,2018,Female,,,,17.81
ECU,2019,Female,,,,18.33
ECU,2020,Female,,,,18.29
SLV,2000,Female,,,,22.18
SLV,2001,Female,,,,22.55
SLV,2002,Female,,,,22.39
SLV,2003,Female,,,,22.20
SLV,2004,Female,,,,18.67
SLV,2005,Female,,,,18.86
SLV,2006,Female,,,,17.42
SLV,2007,Female,,,,16.59
SLV,2008,Female,,,,17.41
SLV,2009,Female,,,,17.38
SLV,2010,Female,,,,17.33
SLV,2011,Female,,,,16.37
SLV,2012,Female,,,,16.27
SLV,2013,Female,,,,16.43
SLV,2014,Female,,,,16.18
SLV,2015,Female,,,,15.84
SLV,2016,Female,,,,16.38
SLV,2017,Female,,,,15.83
SLV,2018,Female,,,,16.16
SLV,2019,Female,,,,15.78
EST,2003,Female,732810,0.53461703473702,,0.00
EST,2004,Female,728820,0.53489478499543,12.257717199476,17.54
EST,2005,Female,724959,0.53511425102108,13.981448868843,17.24
EST,2006,Female,720688,0.53510772192197,16.196977386742,17.20
EST,2007,Female,717461,0.53514729097787,18.786475105542,17.23
EST,2008,Female,715667,0.53524252114402,19.36925050374,17.15
EST,2009,Female,713764,0.53484959647836,18.488441557114,17.09
EST,2010,Female,711520,0.53438486750819,17.744572566241,17.80
EST,2011,Female,708774,0.5339410074756,17.771814030106,17.06
EST,2012,Female,705733,0.53355714573538,18.426894765653,17.47
EST,2013,Female,702846,0.53326834190039,19.576089609713,17.47
EST,2014,Female,700221,0.53267204683927,21.296490353905,17.39
EST,2015,Female,700451,0.53249826979093,23.513397825624,17.08
EST,2016,Female,699154,0.53135695743892,25.461085810552,17.28
EST,2017,Female,699025,0.53061601432008,27.510754205035,17.26
EST,2018,Female,699553,0.5291725701654,29.232243441146,17.26
EST,2019,Female,700281,0.52775848794553,30.374384990245,16.71
ETH,2004,Female,,,,0.00
ETH,2010,Female,,,,0.00
ETH,2015,Female,,,,0.00
FIN,2000,Female,2650788,0.51211010302628,33.428080733631,9.78
FIN,2003,Female,2664813,0.51118482529323,,0.00
FIN,2004,Female,2671151,0.51091492819938,36.469989299302,9.72
FIN,2005,Female,2679378,0.51073757435868,38.007695233952,9.66
FIN,2006,Female,2688686,0.51054878814517,38.694444737568,9.94
FIN,2007,Female,2699217,0.51037255386866,39.49051566675,9.94
FIN,2008,Female,2710284,0.51008492809336,40.094070130447,9.96
FIN,2009,Female,2721060,0.50966972656888,41.449541676526,9.93
FIN,2010,Female,2732435,0.50946411116138,42.133834078425,16.02
FIN,2011,Female,2743477,0.50915711118834,42.252918631511,9.95
FIN,2012,Female,2755198,0.50890522538508,42.697339463025,9.76
FIN,2013,Female,2766306,0.50860840360044,42.684946461875,16.02
FIN,2014,Female,2776112,0.50830467028784,42.514446774567,9.96
FIN,2015,Female,2783841,0.50804376586443,43.008302770101,9.85
FIN,2016,Female,2789876,0.50768391349638,43.43144431054,9.81
FIN,2017,Female,2793463,0.50714508048539,44.433598424757,9.81
FIN,2018,Female,2795212,0.50678997230249,44.85932253806,9.90
FIN,2019,Female,2796496,0.50646430293739,45.600465561869,16.11
FRA,2000,Female,31350502,0.51468094272061,34.018820066383,17.52
FRA,2003,Female,32083765,0.51544424286995,,0.00
FRA,2004,Female,32333338,0.51564291931639,36.30885690764,17.01
FRA,2005,Female,32596730,0.51593957708163,36.146286091768,16.64
FRA,2006,Female,32840747,0.51619046986433,35.899825848524,17.05
FRA,2007,Female,33033357,0.51601537369787,41.470797735407,16.80
FRA,2008,Female,33216736,0.51598830462695,42.209629442245,17.26
FRA,2009,Female,33386346,0.51596162226377,43.080791386042,17.45
FRA,2010,Female,33547275,0.51589363102867,42.295128344406,17.35
FRA,2011,Female,33703604,0.51579684063033,42.63864823995,17.09
FRA,2012,Female,33869074,0.51582653567185,42.584764121807,17.05
FRA,2013,Female,34033091,0.51566317862633,42.509203968874,17.08
FRA,2014,Female,34196185,0.51568571945885,43.499063072762,17.34
FRA,2015,Female,34330384,0.51587192018412,44.098747617464,17.28
FRA,2016,Female,34435240,0.51608396427219,44.665062466665,17.07
FRA,2017,Female,34551332,0.51632328997883,44.576005342793,17.03
FRA,2018,Female,34651088,0.51639480690424,44.629108027298,16.89
GMB,2003,Female,,,,0.00
GMB,2010,Female,,,,0.00
GMB,2015,Female,,,,0.00
GMB,2020,Female,,,,0.00
DEU,2000,Female,42097294,0.51206085185662,42.950969449653,16.96
DEU,2001,Female,42149265,0.51183125993654,42.001590321304,16.77
DEU,2002,Female,42190278,0.51146864333078,,0.00
DEU,2003,Female,42190520,0.51118849219523,,0.00
DEU,2004,Female,42167781,0.5110239074161,,0.00
DEU,2005,Female,42131166,0.51087016086344,42.456587879604,17.08
DEU,2006,Female,42066605,0.51066300193254,43.031841461382,16.87
DEU,2007,Female,41988968,0.51040257520309,43.12602119651,16.87
DEU,2008,Female,41888581,0.51015140425064,43.144894757337,16.99
DEU,2009,Female,41767051,0.50996184792544,43.907195482446,16.95
DEU,2010,Female,41685740,0.50974939481193,44.409413322314,17.13
DEU,2011,Female,41124574,0.51229627409865,44.173356574929,16.91
DEU,2012,Female,41148053,0.51162737977714,43.839885272087,17.22
DEU,2013,Female,41205032,0.51093959289971,44.210547711737,17.38
DEU,2014,Female,41320259,0.5102369007183,44.52768393401,17.32
DEU,2015,Female,41611214,0.50940067307707,45.963064516026,17.58
DEU,2016,Female,41749261,0.50698161514542,47.064803166776,17.78
DEU,2017,Female,41893134,0.50683103742481,47.332947556417,17.41
DEU,2018,Female,42006258,0.50667465645468,48.502153795657,17.35
GRC,2000,Female,,,,0.00
GRC,2003,Female,,,,0.00
GRC,2004,Female,,,,0.00
GRC,2005,Female,,,,0.00
GRC,2006,Female,,,,0.00
GRC,2007,Female,,,,0.00
GRC,2008,Female,,,,0.00
GRC,2009,Female,,,,0.00
GRC,2010,Female,,,,0.00
GRC,2011,Female,,,,0.00
GRC,2012,Female,,,,0.00
GRC,2013,Female,,,,0.00
GRC,2014,Female,,,,0.00
GRC,2015,Female,,,,0.00
GRC,2016,Female,,,,0.00
GRC,2017,Female,,,,0.00
GRC,2018,Female,,,,0.00
GRC,2019,Female,,,,0.00
GTM,2000,Female,,,,19.04
GTM,2006,Female,,,,22.71
GTM,2014,Female,,,,17.94
GIN,2002,Female,,,,0.00
GIN,2007,Female,,,,0.00
GIN,2012,Female,,,,0.00
GIN,2018,Female,,,,0.00
GNB,2002,Female,,,,0.00
GNB,2010,Female,,,,0.00
GNB,2018,Female,,,,0.00
HTI,2001,Female,,,,69.87
HTI,2012,Female,,,,64.32
HND,2001,Female,,,,25.18
HND,2002,Female,,,,23.95
HND,2003,Female,,,,24.69
HND,2004,Female,,,,25.04
HND,2005,Female,,,,25.28
HND,2006,Female,,,,25.21
HND,2007,Female,,,,23.18
HND,2008,Female,,,,23.82
HND,2009,Female,,,,23.18
HND,2010,Female,,,,23.06
HND,2011,Female,,,,23.15
HND,2012,Female,,,,23.99
HND,2013,Female,,,,22.54
HND,2014,Female,,,,22.93
HND,2015,Female,,,,22.85
HND,2016,Female,,,,23.95
HND,2017,Female,,,,22.62
HND,2018,Female,,,,23.04
HND,2019,Female,,,,23.46
HUN,2004,Female,5307589,0.52513239934358,,0.00
HUN,2005,Female,5298926,0.52531896601839,15.770460967477,18.01
HUN,2006,Female,5289265,0.52517833181711,16.319666505813,16.88
HUN,2007,Female,5281629,0.5252331624439,16.022934149354,16.73
HUN,2008,Female,5272050,0.52519944201332,16.479940910729,16.93
HUN,2009,Female,5263552,0.52516579893779,15.928310426051,17.02
HUN,2010,Female,5249916,0.52499040374567,16.082094288958,17.53
HUN,2011,Female,5234474,0.52493159733467,16.315674958433,17.24
HUN,2012,Female,5201196,0.52429503847441,15.200116270068,18.23
HUN,2013,Female,5184608,0.52406406912322,15.600401945052,17.97
HUN,2014,Female,5168265,0.52382128229543,16.557162522489,18.22
HUN,2015,Female,5153225,0.52354064518433,17.526511598406,17.76
HUN,2016,Female,5133355,0.5230633076598,18.263164663719,18.16
HUN,2017,Female,5117253,0.52281072809855,19.216045653206,17.87
HUN,2018,Female,5105303,0.52225150794544,20.548792621393,17.32
HUN,2019,Female,5096092,0.52154530410869,22.092483192938,18.10
ISL,2003,Female,144708,0.49982147252237,,7.94
ISL,2004,Female,145920,0.49960078466462,,7.56
ISL,2005,Female,147981,0.49870051127983,,8.00
ISL,2006,Female,150618,0.49581014435245,,8.07
ISL,2007,Female,153008,0.49109441223121,,8.01
ISL,2008,Female,155520,0.48996224548991,,8.24
ISL,2009,Female,156871,0.49253525713284,,8.14
ISL,2010,Female,157898,0.4964707363914,,8.08
ISL,2011,Female,158725,0.49755065127555,,8.19
ISL,2012,Female,159779,0.49819604161777,,8.25
ISL,2013,Female,161369,0.49841699885353,,7.84
ISL,2014,Female,163207,0.49851844345981,,7.97
ISL,2015,Female,164768,0.49806745670009,,8.01
ISL,2016,Female,166705,0.49697620357924,,8.07
ISL,2017,Female,169813,0.4945071509004,,8.07
IRL,2000,Female,1914592,0.50315507476377,28.704609504792,17.55
IRL,2002,Female,1978018,0.50306331099146,,0.00
IRL,2003,Female,2011233,0.50324618566563,32.316230989249,17.71
IRL,2004,Female,2046510,0.50279571024096,32.589051342223,17.88
IRL,2005,Female,2086519,0.50157746045891,33.723487108601,17.48
IRL,2006,Female,2137434,0.50014947164506,36.645042863746,17.59
IRL,2007,Female,2196702,0.49937075443571,36.206428870261,17.01
IRL,2008,Female,2246915,0.50047748142847,34.652488156709,17.17
IRL,2009,Female,2275715,0.50177005751858,34.206821672595,17.66
IRL,2010,Female,2293849,0.50302015989702,32.977969434752,17.75
IRL,2011,Female,2306088,0.50350359153957,31.396619555753,17.73
IRL,2012,Female,2320457,0.50449841119111,32.009148944077,17.98
IRL,2013,Female,2333400,0.50464827055701,32.020959850523,18.08
IRL,2014,Female,2352044,0.5049755792121,33.634272930473,17.20
IRL,2015,Female,2376582,0.50544538929675,34.998350509248,17.39
IRL,2016,Female,2401817,0.50507840617347,35.698771421559,17.13
IRL,2017,Female,2428084,0.50507348596465,39.140671723122,16.54
IRL,2018,Female,2456806,0.50475592871138,39.748228539678,10.00
ISR,2001,Female,,,,17.48
ISR,2002,Female,,,,18.06
ISR,2003,Female,,,,18.80
ISR,2004,Female,,,,21.81
ISR,2005,Female,,,,19.29
ISR,2006,Female,,,,19.82
ISR,2007,Female,,,,19.42
ISR,2008,Female,,,,19.24
ISR,2009,Female,,,,22.40
ISR,2010,Female,,,,22.11
ISR,2011,Female,,,,19.25
ISR,2012,Female,,,,19.47
ISR,2013,Female,,,,18.57
ISR,2014,Female,,,,18.75
ISR,2015,Female,,,,18.58
ISR,2016,Female,,,,18.88
ISR,2017,Female,,,,18.48
ISR,2018,Female,,,,18.49
ITA,2000,Female,29370121,0.51578914896414,29.416802998265,19.31
ITA,2003,Female,29566104,0.51586900000501,,0.00
ITA,2004,Female,29747985,0.51569414514774,36.488768511128,18.82
ITA,2005,Female,29879370,0.51543274836957,36.200274796237,19.13
ITA,2006,Female,29966746,0.51538865229451,37.044778914584,18.89
ITA,2007,Female,30122108,0.51545139385059,37.613681384427,18.76
ITA,2008,Female,30331273,0.5156035914693,36.65966229789,18.97
ITA,2009,Female,30479462,0.51576740271698,36.932792395916,18.96
ITA,2010,Female,30585789,0.51597709436181,36.061777529092,19.07
ITA,2011,Female,30657053,0.51629064347847,35.397925132415,19.25
ITA,2012,Female,30742740,0.51634005316377,34.047403684812,19.26
ITA,2013,Female,31078752,0.51596737665084,33.800138190069,19.36
ITA,2014,Female,31301436,0.51491823294101,34.036096822083,19.52
ITA,2015,Female,31260548,0.51474145864343,35.081566097927,23.96
ITA,2016,Female,31189653,0.51444731788557,35.872948358087,19.84
ITA,2017,Female,31116597,0.51401203625483,36.215502032487,23.65
ITA,2018,Female,31024421,0.51346438501981,36.2824405325,19.50
JPN,2008,Female,,,,16.06
JPN,2010,Female,,,,8.59
JPN,2013,Female,,,,8.95
KIR,2006,Female,,,,0.00
KIR,2019,Female,,,,0.00
LAO,2002,Female,,,,0.00
LAO,2007,Female,,,,0.00
LAO,2012,Female,,,,0.00
LAO,2018,Female,,,,0.00
LVA,2004,Female,1224803,0.54120104369828,,0.00
LVA,2005,Female,1211702,0.54122861293208,10.648507926022,18.45
LVA,2006,Female,1200665,0.54124066262275,12.936675822865,18.20
LVA,2007,Female,1190442,0.54103013346372,17.036331313623,19.72
LVA,2008,Female,1176937,0.54054366026252,16.948050478623,19.69
LVA,2009,Female,1158734,0.54104290944196,14.091432173362,19.84
LVA,2010,Female,1137131,0.54212253313363,14.319532772704,19.87
LVA,2011,Female,1118576,0.5430749467971,13.876353610419,19.01
LVA,2012,Female,1104304,0.54283741349453,14.137250024278,19.06
LVA,2013,Female,1091184,0.54216397168728,15.292003300238,17.96
LVA,2014,Female,1080258,0.54181380866444,16.854668207006,18.00
LVA,2015,Female,1070251,0.54120697086143,18.238730798489,17.72
LVA,2016,Female,1059564,0.54072181363026,19.476773052367,18.33
LVA,2017,Female,1050178,0.5407027069159,21.212751115461,18.62
LVA,2018,Female,1040846,0.54008961015396,22.282889906161,18.65
LVA,2019,Female,1031745,0.53910221420357,23.623482631908,18.26
LSO,2002,Female,,,,0.00
LSO,2017,Female,,,,0.00
LBR,2007,Female,,,,0.00
LBR,2014,Female,,,,0.00
LBR,2016,Female,,,,0.00
LTU,2004,Female,1803241,0.53396555209008,,0.00
LTU,2005,Female,1775486,0.53437807356895,11.959804096686,18.80
LTU,2006,Female,1750703,0.53539827985294,14.577457735104,17.48
LTU,2007,Female,1733164,0.53636865177449,17.334670694353,18.14
LTU,2008,Female,1717467,0.53700532745233,18.501449087443,18.21
LTU,2009,Female,1699254,0.53724289038198,15.311686445963,23.86
LTU,2010,Female,1667711,0.53844364183558,14.811552427824,23.84
LTU,2011,Female,1632173,0.53900657409385,15.923232222718,18.66
LTU,2012,Female,1611570,0.53938869525353,16.276084428843,19.49
LTU,2013,Female,1595346,0.53938938155829,16.782481610798,18.81
LTU,2014,Female,1581487,0.53932125055037,18.207076145826,19.37
LTU,2015,Female,1566188,0.5391522567986,20.123682235187,18.32
LTU,2016,Female,1547980,0.53969870087428,21.481555578761,19.80
LTU,2017,Female,1525202,0.53924500264054,22.620227074179,18.42
LTU,2018,Female,1507648,0.53814926193554,24.611975183695,18.52
LTU,2019,Female,1498567,0.53632581104179,26.740062315057,18.50
LUX,2000,Female,221354,0.5073454797048,55.015949315077,17.27
LUX,2003,Female,228979,0.50700646888244,57.867031135558,17.04
LUX,2004,Female,231838,0.50609284332689,60.235753115218,16.99
LUX,2005,Female,235058,0.50533139648332,62.406309517884,16.99
LUX,2006,Female,238779,0.50520800023876,61.508443396569,17.34
LUX,2007,Female,242316,0.50483318528225,61.815051425419,17.20
LUX,2008,Female,246640,0.5047385381119,59.700711711534,17.36
LUX,2009,Female,250823,0.50388044579534,62.238843110876,18.03
LUX,2010,Female,255119,0.50324060980031,60.886881812537,17.90
LUX,2011,Female,260491,0.50254180994061,59.04072313458,18.51
LUX,2012,Female,266086,0.5011555616525,57.324800396871,18.69
LUX,2013,Female,271788,0.50020017168213,59.384060390822,18.34
LUX,2014,Female,277879,0.49949607044098,60.264809556204,17.73
LUX,2015,Female,284303,0.49912426859553,56.165455270844,17.77
LUX,2016,Female,289927,0.49814576684732,61.070946217952,17.69
LUX,2017,Female,296847,0.49778640079774,59.39045283858,18.71
LUX,2018,Female,302381,0.49737958987052,61.498189079487,18.96
LUX,2019,Female,308209,0.49711187924951,62.605635377767,18.64
MDG,2001,Female,,,,0.00
MDG,2005,Female,,,,0.00
MDG,2010,Female,,,,0.00
MDG,2012,Female,,,,0.00
MWI,2004,Female,,,,0.00
MWI,2010,Female,,,,0.00
MWI,2016,Female,,,,0.00
MWI,2019,Female,,,,0.00
MYS,2003,Female,,,,18.20
MYS,2006,Female,,,,17.73
MYS,2008,Female,,,,18.25
MYS,2011,Female,,,,17.51
MYS,2013,Female,,,,16.30
MYS,2015,Female,,,,16.54
MLI,2001,Female,,,,0.00
MLI,2006,Female,,,,0.00
MLI,2009,Female,,,,0.00
MLI,2018,Female,,,,0.00
MLT,2006,Female,204316,0.50410247926538,27.595798797304,17.43
MLT,2007,Female,204654,0.50317788252929,29.892240594942,17.38
MLT,2008,Female,205875,0.5028982522215,29.999054320607,17.42
MLT,2009,Female,207097,0.50208310012022,29.179418408866,17.34
MLT,2010,Female,208065,0.50195760179892,30.290195408276,17.07
MLT,2011,Female,209226,0.50262537079296,30.487461242165,17.51
MLT,2012,Female,211098,0.50258175147169,31.406477860189,17.30
MLT,2013,Female,213862,0.50206267795479,33.342211374524,16.94
MLT,2014,Female,217460,0.50041683743806,35.629723914247,16.97
MLT,2015,Female,221876,0.49853874652881,35.401109588964,17.19
MLT,2016,Female,226476,0.49736132233607,38.646842237599,16.89
MLT,2017,Female,232459,0.49670973306365,38.424165827428,17.18
MLT,2018,Female,239514,0.4942222110107,39.655333781469,17.14
MLT,2019,Female,246866,0.48975502422203,40.803017351385,16.75
MRT,2000,Female,,,,0.00
MRT,2004,Female,,,,0.00
MRT,2008,Female,,,,0.00
MRT,2014,Female,,,,0.00
MEX,2000,Female,,,,18.65
MEX,2002,Female,,,,18.13
MEX,2004,Female,,,,17.36
MEX,2005,Female,,,,18.16
MEX,2006,Female,,,,17.58
MEX,2008,Female,,,,18.17
MEX,2010,Female,,,,16.97
MEX,2012,Female,,,,17.23
MEX,2014,Female,,,,16.37
MEX,2016,Female,,,,16.89
MEX,2018,Female,,,,16.64
MEX,2020,Female,,,,16.75
FSM,2000,Female,,,,28.57
MNE,2012,Female,314097,0.50611792851293,,21.62
MNE,2013,Female,314250,0.50587138202557,,18.15
MNE,2014,Female,314512,0.50580109119402,,19.12
MNE,2015,Female,314607,0.50567031935432,,18.57
MNE,2016,Female,314526,0.50542414394955,,17.52
MNE,2017,Female,314627,0.50552951780805,,17.37
MNE,2018,Female,314551,0.50552494621272,,18.17
MOZ,2002,Female,,,,0.00
MOZ,2008,Female,,,,0.00
MOZ,2014,Female,,,,0.00
MOZ,2019,Female,,,,0.00
MMR,2015,Female,,,,0.00
MMR,2017,Female,,,,0.00
NPL,2003,Female,,,,0.00
NPL,2010,Female,,,,0.00
NLD,2004,Female,8224112,0.50511144276257,,0.00
NLD,2005,Female,8246794,0.50532236739864,40.033220402183,16.46
NLD,2006,Female,8262813,0.50549141954218,41.527234516101,16.29
NLD,2007,Female,8281461,0.50553136350721,43.79272959702,16.44
NLD,2008,Female,8313645,0.50552418749462,44.296035094119,16.47
NLD,2009,Female,8351925,0.50524679228235,44.729669314799,16.66
NLD,2010,Female,8391920,0.50506899280597,44.383148817152,16.53
NLD,2011,Female,8431143,0.50506835487148,43.568863110442,16.33
NLD,2012,Female,8459905,0.50491938362549,42.877565358152,16.24
NLD,2013,Female,8484786,0.50491362266327,41.816101421112,16.26
NLD,2014,Female,8512933,0.50476903688563,42.412694963667,16.33
NLD,2015,Female,8547646,0.5045858976709,45.197934570301,16.13
NLD,2016,Female,8587800,0.50426553319607,46.898728109307,16.37
NLD,2017,Female,8631490,0.50384342552446,46.833051572857,16.25
NLD,2018,Female,8679499,0.50369598332678,47.231981289285,16.48
NLD,2019,Female,8732650,0.50347152726195,48.354514575104,16.46
NIC,2001,Female,,,,17.60
NIC,2005,Female,,,,16.97
NIC,2009,Female,,,,16.53
NIC,2014,Female,,,,17.25
NER,2005,Female,,,,0.00
NER,2007,Female,,,,0.00
NER,2011,Female,,,,0.00
NER,2014,Female,,,,0.00
NER,2018,Female,,,,0.00
MKD,2009,Female,1022838,0.49878235045169,,19.85
MKD,2010,Female,1025045,0.49880451420114,,19.92
MKD,2011,Female,1027030,0.49891215797138,,18.65
MKD,2012,Female,1028491,0.49901495003869,,18.21
MKD,2013,Female,1030023,0.49903457024071,,17.12
MKD,2014,Female,1031777,0.499052895072,,16.91
MKD,2015,Female,1033180,0.49906629318394,,16.89
MKD,2016,Female,1034281,0.49905275873157,,17.30
MKD,2017,Female,1035488,0.49915031185773,,17.22
MKD,2018,Female,1036475,0.4992133671212,,16.67
NOR,2000,Female,2267653,0.50493658921732,,7.53
NOR,2003,Female,2302501,0.5043976036476,,7.79
NOR,2004,Female,2315696,0.50429922116144,,7.83
NOR,2005,Female,2330827,0.50414893485381,,7.75
NOR,2006,Female,2348546,0.50390681991518,,8.31
NOR,2007,Female,2369443,0.50315714098336,,7.77
NOR,2008,Female,2393059,0.50187780850639,,8.31
NOR,2009,Female,2418964,0.50095285682019,,8.06
NOR,2010,Female,2446988,0.50048320375514,,7.99
NOR,2011,Female,,,,8.21
NOR,2012,Female,,,,8.19
NOR,2013,Female,,,,8.18
NOR,2014,Female,2554976,0.49734491068409,,8.30
NOR,2015,Female,,,,8.50
NOR,2016,Female,2597284,0.49618401280403,,8.71
NOR,2017,Female,2618441,0.49620192164147,,8.47
NOR,2018,Female,2635333,0.49611726221241,,8.39
NOR,2019,Female,2652903,0.4960649088287,,8.61
PAN,2000,Female,,,,23.78
PAN,2001,Female,,,,24.85
PAN,2002,Female,,,,24.12
PAN,2003,Female,,,,23.57
PAN,2004,Female,,,,23.83
PAN,2005,Female,,,,23.40
PAN,2006,Female,,,,23.55
PAN,2007,Female,,,,23.31
PAN,2008,Female,,,,22.48
PAN,2009,Female,,,,22.06
PAN,2010,Female,,,,21.65
PAN,2011,Female,,,,19.92
PAN,2012,Female,,,,21.98
PAN,2013,Female,,,,22.35
PAN,2014,Female,,,,22.07
PAN,2015,Female,,,,19.85
PAN,2016,Female,,,,22.06
PAN,2017,Female,,,,22.31
PAN,2018,Female,,,,21.76
PAN,2019,Female,,,,19.89
PRY,2001,Female,,,,22.91
PRY,2002,Female,,,,22.85
PRY,2003,Female,,,,19.15
PRY,2004,Female,,,,17.95
PRY,2005,Female,,,,18.01
PRY,2006,Female,,,,19.03
PRY,2007,Female,,,,18.51
PRY,2008,Female,,,,18.25
PRY,2009,Female,,,,19.49
PRY,2010,Female,,,,19.07
PRY,2011,Female,,,,19.48
PRY,2012,Female,,,,19.16
PRY,2013,Female,,,,18.16
PRY,2014,Female,,,,17.94
PRY,2015,Female,,,,18.39
PRY,2016,Female,,,,17.71
PRY,2017,Female,,,,17.15
PRY,2018,Female,,,,17.33
PRY,2019,Female,,,,17.49
PRY,2020,Female,,,,17.54
PER,2000,Female,,,,22.21
PER,2001,Female,,,,22.60
PER,2002,Female,,,,22.91
PER,2003,Female,,,,19.70
PER,2004,Female,,,,22.50
PER,2005,Female,,,,22.78
PER,2006,Female,,,,22.71
PER,2007,Female,,,,22.57
PER,2008,Female,,,,22.22
PER,2009,Female,,,,19.65
PER,2010,Female,,,,19.20
PER,2011,Female,,,,19.26
PER,2012,Female,,,,19.17
PER,2013,Female,,,,18.80
PER,2014,Female,,,,18.49
PER,2015,Female,,,,17.84
PER,2016,Female,,,,18.47
PER,2017,Female,,,,18.23
PER,2018,Female,,,,17.82
PER,2019,Female,,,,17.40
PER,2020,Female,,,,18.04
PHL,2000,Female,,,,16.71
PHL,2003,Female,,,,16.66
PHL,2006,Female,,,,16.94
PHL,2009,Female,,,,16.45
PHL,2012,Female,,,,16.65
PHL,2015,Female,,,,16.10
PHL,2018,Female,,,,9.88
POL,2004,Female,19699851,0.51594302976271,,0.00
POL,2005,Female,19699251,0.51615411446086,13.664568032106,19.20
POL,2006,Female,19695047,0.51637108786304,14.76173760178,18.55
POL,2007,Female,19696162,0.51668082648876,16.435691088277,18.06
POL,2008,Female,19709370,0.51695680521285,17.901167724769,17.97
POL,2009,Female,19729082,0.51712329880661,18.143393603415,18.33
POL,2010,Female,19620908,0.51575887132557,18.658844833613,18.31
POL,2011,Female,19633294,0.51580704247132,18.834442422637,18.31
POL,2012,Female,19636172,0.51588386149231,18.889018126941,18.52
POL,2013,Female,19624917,0.51589947963266,19.471935086657,18.15
POL,2014,Female,19610734,0.51591262800301,20.090114264699,18.19
POL,2015,Female,19598544,0.51593564571802,21.549747645835,18.09
POL,2016,Female,19591653,0.51597600971933,22.309533364294,17.10
POL,2017,Female,19596087,0.51602837745297,23.739754419159,17.07
POL,2018,Female,19595388,0.51601099379733,24.986947441578,17.08
PRT,2003,Female,5414618,0.51770830301461,,0.00
PRT,2004,Female,5431321,0.5180650335862,20.666158079195,17.93
PRT,2005,Female,5445438,0.51844879001459,20.558661915455,17.35
PRT,2006,Female,5458518,0.51875772689238,21.024586503277,17.67
PRT,2007,Female,5473579,0.51916898296981,22.099448645009,18.17
PRT,2008,Female,5486105,0.51960730153746,21.933451497679,17.96
PRT,2009,Female,5499498,0.52037941064927,23.094355454772,17.86
PRT,2010,Female,5509536,0.52108998372248,22.413589155174,17.67
PRT,2011,Female,5511263,0.52202058486174,21.162245387999,17.51
PRT,2012,Female,5497554,0.5228374986412,20.470442905923,17.70
PRT,2013,Female,5475885,0.52364266875834,20.669508879922,18.51
PRT,2014,Female,5455518,0.52451550022388,21.169707395933,18.18
PRT,2015,Female,5442357,0.52542164096888,22.01578237327,18.35
PRT,2016,Female,5431468,0.52602721313409,22.429248714,17.59
PRT,2017,Female,5422235,0.52641530352421,22.984953321945,17.50
PRT,2018,Female,5419537,0.52699647955447,24.291741873843,17.30
PRT,2019,Female,5429342,0.52782457495497,26.466558159286,17.16
ROU,2006,Female,10872731,0.51301570267435,,0.00
ROU,2007,Female,10713522,0.51302645280143,7.8158865015556,24.13
ROU,2008,Female,10536203,0.51301332754395,8.8217687862869,23.81
ROU,2009,Female,10451059,0.51312466701793,9.1969443795595,23.78
ROU,2010,Female,10389739,0.51315282924104,8.9229116304387,24.08
ROU,2011,Female,10339664,0.51319766925776,8.2360927207156,24.50
ROU,2012,Female,10299396,0.51347984941876,8.4313457657801,24.60
ROU,2013,Female,10239951,0.51241538867439,8.3910865216208,24.92
ROU,2014,Female,10181655,0.51141023469279,9.1146178372437,24.84
ROU,2015,Female,10135425,0.51148676739112,9.6729067919718,25.32
ROU,2016,Female,10081012,0.51166764546697,11.216636572805,24.15
ROU,2017,Female,10013633,0.51119400686695,13.664847478439,25.43
ROU,2018,Female,9948213,0.51084668421363,15.110588793987,24.41
ROU,2019,Female,9892147,0.5106507737687,16.919453868368,24.58
RUS,2014,Female,77202031,0.53679745549795,,16.21
RUS,2015,Female,,,,16.22
RUS,2016,Female,,,,16.09
RUS,2017,Female,,,,15.70
RUS,2018,Female,,,,15.65
RWA,2000,Female,,,,0.00
RWA,2005,Female,,,,0.00
RWA,2010,Female,,,,0.00
RWA,2013,Female,,,,0.00
RWA,2016,Female,,,,0.00
LCA,2016,Female,,,,22.40
STP,2000,Female,,,,0.00
STP,2010,Female,,,,0.00
STP,2017,Female,,,,0.00
SEN,2001,Female,,,,0.00
SEN,2005,Female,,,,0.00
SEN,2011,Female,,,,0.00
SEN,2018,Female,,,,0.00
SRB,2012,Female,3693214,0.51301220275505,,17.80
SRB,2013,Female,3675583,0.51305360088171,,18.16
SRB,2014,Female,3658592,0.51308516209935,,19.05
SRB,2015,Female,3640241,0.51304362859909,,18.63
SRB,2016,Female,3620854,0.51299083767784,,18.04
SRB,2017,Female,3601286,0.51294111932039,,17.05
SRB,2018,Female,3581189,0.51287305875759,,16.41
SRB,2019,Female,3561451,0.51279064023422,,15.64
SYC,2013,Female,,,,14.85
SYC,2018,Female,,,,15.51
SLE,2003,Female,,,,0.00
SLE,2011,Female,,,,0.00
SLE,2018,Female,,,,0.00
SVK,2004,Female,2763952,0.51448404886562,,0.00
SVK,2005,Female,2763723,0.51439103539478,14.607072394183,16.52
SVK,2006,Female,2763137,0.51425833363112,16.514626589191,16.01
SVK,2007,Female,2763266,0.51413222709829,17.141514234878,15.87
SVK,2008,Female,2764004,0.51382870442019,17.55491021202,16.02
SVK,2009,Female,2766120,0.51353735999975,18.559809831019,16.62
SVK,2010,Female,2767386,0.51329379397857,19.291493294188,16.65
SVK,2011,Female,2770320,0.51317583894211,20.443043130552,16.59
SVK,2012,Female,2774240,0.51302827625741,18.709909357728,16.82
SVK,2013,Female,2776168,0.51283332187485,18.98127334539,17.07
SVK,2014,Female,2778273,0.51272436280327,19.022557104386,16.91
SVK,2015,Female,2780277,0.51260691757716,19.087285788409,16.83
SVK,2016,Female,2782499,0.51235548957181,20.01054488329,16.29
SVK,2017,Female,2785650,0.51214044817411,20.686257119484,16.11
SVK,2018,Female,2788475,0.5119501315422,21.643964753216,16.71
SVK,2019,Female,2791250,0.51176670572787,22.09251999259,16.05
SVN,2004,Female,1019926,0.51072638049962,,0.00
SVN,2005,Female,1022011,0.51088461596223,28.086741432485,9.64
SVN,2006,Female,1023683,0.51009005879129,29.029450757128,9.67
SVN,2007,Female,1027337,0.50905626158676,30.527808818542,9.68
SVN,2008,Female,1029361,0.50925323924311,31.535464858639,9.37
SVN,2009,Female,1032114,0.50602058097918,31.595932032196,9.67
SVN,2010,Female,1033679,0.50458285783517,31.786283899253,9.93
SVN,2011,Female,1036966,0.50513684348126,31.551373948419,9.89
SVN,2012,Female,1039605,0.50535977691029,30.067572499517,15.84
SVN,2013,Female,1040331,0.50502690617591,29.910717236914,16.13
SVN,2014,Female,1040662,0.50469097586951,30.779311113662,15.95
SVN,2015,Female,1040976,0.50446367543534,30.987836761124,16.03
SVN,2016,Female,1041285,0.50424428395088,31.9561000675,10.00
SVN,2017,Female,1041018,0.50378649447334,32.599398903838,9.78
SVN,2018,Female,1043367,0.5030959707385,34.325303571179,9.35
SVN,2019,Female,1045996,0.50086404588766,35.299263007575,9.49
SLB,2005,Female,,,,0.00
SLB,2012,Female,,,,0.00
KOR,2006,Female,,,,14.89
KOR,2008,Female,,,,14.79
KOR,2010,Female,,,,14.67
KOR,2012,Female,,,,14.70
KOR,2014,Female,,,,9.89
KOR,2016,Female,,,,9.92
SSD,2009,Female,,,,0.00
SSD,2016,Female,,,,0.00
ESP,2000,Female,20693670,0.51010007812666,29.998300706042,18.46
ESP,2003,Female,21468469,0.50888049724205,,0.00
ESP,2004,Female,21813168,0.50820609676476,29.307697549629,18.72
ESP,2005,Female,22142038,0.50722652340713,30.416495373904,18.63
ESP,2006,Female,22486841,0.506490972239,30.336524568795,18.91
ESP,2007,Female,22889457,0.50610380794176,35.764227565466,19.01
ESP,2008,Female,23221556,0.505320607514,36.834660162617,19.34
ESP,2009,Female,23421215,0.50517098311645,36.27043487817,19.20
ESP,2010,Female,23549992,0.50561532556282,34.654769752572,19.11
ESP,2011,Female,23655915,0.50608794095824,33.385862737345,19.78
ESP,2012,Female,23696325,0.50662343648741,32.226478720873,19.67
ESP,2013,Female,23655408,0.50740853053712,31.598916739137,23.88
ESP,2014,Female,23618824,0.5081406277953,31.458141188777,23.71
ESP,2015,Female,23620611,0.50857352485432,32.470555055595,23.79
ESP,2016,Female,23655007,0.50888425108654,33.670005381093,23.61
ESP,2017,Female,23726633,0.50922914757781,33.987582885131,19.89
ESP,2018,Female,23847554,0.50958757800061,33.757895935687,19.63
ESP,2019,Female,24027953,0.50978482674458,36.098664726542,19.73
SDN,2009,Female,,,,0.00
SDN,2014,Female,,,,0.00
SWE,2000,Female,4486710,0.50570957766843,,0.00
SWE,2003,Female,4522485,0.50484151956181,,0.00
SWE,2004,Female,4538026,0.50458784692396,32.466534551785,9.88
SWE,2005,Female,4554250,0.50437057892943,33.28802016828,16.44
SWE,2006,Female,4577713,0.50412544464083,35.084818090673,15.98
SWE,2007,Female,4607278,0.50363267490426,36.837563290909,16.16
SWE,2008,Female,4637471,0.50299931601329,37.309755832835,16.01
SWE,2009,Female,4673832,0.5026428892521,38.134160382609,16.37
SWE,2010,Female,4710475,0.50228323799055,38.451585246447,16.41
SWE,2011,Female,4742210,0.5018629780247,38.822229744036,16.30
SWE,2012,Female,4774336,0.50153893526791,39.76149551402,16.13
SWE,2013,Female,4812287,0.50126011247719,40.625824791494,16.48
SWE,2014,Female,4856172,0.50083723316368,41.641265785274,16.42
SWE,2015,Female,4901038,0.500147475905,42.627066095599,16.42
SWE,2016,Female,4956045,0.49944599628647,43.198849309421,16.77
SWE,2017,Female,5012979,0.49842218523318,43.73318046501,16.40
SWE,2018,Female,5064943,0.49777268172046,44.007072914039,16.86
SWE,2019,Female,5111967,0.49732697893538,44.791601603057,16.70
CHE,2000,Female,3673864,0.51137757514749,,8.86
CHE,2002,Female,3726188,0.51150516707456,,9.00
CHE,2006,Female,3819285,0.51033123442847,,9.45
CHE,2007,Female,3850992,0.50998975993173,,9.52
CHE,2008,Female,3894068,0.50918325608738,,9.42
CHE,2009,Female,3936518,0.50834253457868,,9.11
CHE,2010,Female,3975104,0.50800649284095,,9.32
CHE,2011,Female,4014149,0.50732401760885,,9.27
CHE,2012,Female,4053800,0.50692398998223,,8.97
CHE,2013,Female,4095998,0.50634477165241,,9.10
CHE,2014,Female,4142336,0.50586322647796,,9.25
CHE,2015,Female,4186395,0.50545700687549,,9.35
CHE,2016,Female,4228994,0.50505480522331,,9.41
CHE,2017,Female,4262397,0.50431590761977,,9.30
CHE,2018,Female,4292922,0.50419972348373,,9.43
SYR,2000,Female,,,,8.59
SYR,2005,Female,,,,8.71
SYR,2007,Female,,,,8.76
SYR,2010,Female,,,,9.31
SYR,2013,Female,,,,9.00
SYR,2016,Female,,,,8.71
TZA,2000,Female,,,,0.00
TZA,2007,Female,,,,0.00
TZA,2011,Female,,,,0.00
TZA,2018,Female,,,,0.00
TLS,2001,Female,,,,0.00
TLS,2007,Female,,,,0.00
TLS,2014,Female,,,,0.00
TGO,2006,Female,,,,0.00
TGO,2011,Female,,,,0.00
TGO,2015,Female,,,,0.00
TGO,2018,Female,,,,0.00
TUV,2010,Female,,,,0.00
UGA,2002,Female,,,,0.00
UGA,2005,Female,,,,0.00
UGA,2009,Female,,,,0.00
UGA,2012,Female,,,,0.00
UGA,2016,Female,,,,0.00
UGA,2019,Female,,,,0.00
ARE,2013,Female,,,,17.83
GBR,2000,Female,,,,9.85
GBR,2001,Female,,,,9.86
GBR,2002,Female,,,,9.82
GBR,2003,Female,,,,9.77
GBR,2004,Female,,,,15.42
GBR,2005,Female,,,,15.19
GBR,2006,Female,,,,15.02
GBR,2007,Female,,,,14.89
GBR,2008,Female,,,,9.66
GBR,2009,Female,,,,9.85
GBR,2010,Female,,,,9.62
GBR,2011,Female,,,,9.67
GBR,2012,Female,,,,9.53
GBR,2013,Female,,,,9.96
GBR,2014,Female,,,,9.99
GBR,2015,Female,,,,9.54
GBR,2016,Female,,,,9.92
GBR,2017,Female,,,,15.58
USA,2000,Female,,,,16.84
USA,2001,Female,,,,17.01
USA,2002,Female,,,,17.24
USA,2003,Female,,,,17.22
USA,2004,Female,,,,17.01
USA,2005,Female,,,,17.11
USA,2006,Female,,,,17.17
USA,2007,Female,,,,17.27
USA,2008,Female,,,,17.30
USA,2009,Female,,,,16.98
USA,2010,Female,,,,17.08
USA,2011,Female,,,,17.15
USA,2012,Female,,,,17.29
USA,2013,Female,,,,17.27
USA,2014,Female,,,,16.82
USA,2015,Female,,,,16.90
USA,2016,Female,,,,17.14
USA,2017,Female,,,,17.40
USA,2018,Female,,,,17.34
USA,2019,Female,,,,17.33
URY,2000,Female,,,,17.91
URY,2001,Female,,,,18.01
URY,2002,Female,,,,18.33
URY,2003,Female,,,,17.59
URY,2004,Female,,,,18.44
URY,2005,Female,,,,18.41
URY,2006,Female,,,,17.89
URY,2007,Female,,,,18.01
URY,2008,Female,,,,17.64
URY,2009,Female,,,,18.11
URY,2010,Female,,,,17.71
URY,2011,Female,,,,17.40
URY,2012,Female,,,,17.07
URY,2013,Female,,,,17.26
URY,2014,Female,,,,17.10
URY,2015,Female,,,,17.34
URY,2016,Female,,,,16.98
URY,2017,Female,,,,16.75
URY,2018,Female,,,,16.75
URY,2019,Female,,,,16.94
URY,2020,Female,,,,17.26
VUT,2010,Female,,,,0.00
VUT,2019,Female,,,,0.00
VEN,2001,Female,,,,18.65
VEN,2002,Female,,,,19.65
VEN,2003,Female,,,,19.86
VEN,2004,Female,,,,19.58
VEN,2005,Female,,,,21.88
VEN,2006,Female,,,,18.22
YEM,2005,Female,,,,0.00
YEM,2014,Female,,,,0.00
